sample_id,path,class_name,stage,energy_low,energy_mid,energy_high,energy_low_ratio,energy_mid_ratio,energy_high_ratio
FAKE_000_661_(3),C:\Users\Vedha\feb hack\Feb-2026-Hackathon\dataset\test\FAKE\661 (3).jpg,FAKE,original,204937.890625,1577.463623046875,195.23016357421875,0.9914242718065605,0.0076312668145995105,0.0009444613788399849
FAKE_000_661_(3),C:\Users\Vedha\feb hack\Feb-2026-Hackathon\dataset\test\FAKE\661 (3).jpg,FAKE,suppress_high,204937.8979431966,1542.9183078496083,100.59176883261267,0.992044249807204,0.007468814946314709,0.000486935246481295
FAKE_000_661_(3),C:\Users\Vedha\feb hack\Feb-2026-Hackathon\dataset\test\FAKE\661 (3).jpg,FAKE,remove_checkerboard,197158.22725801065,653.8265699849534,95.79688781019931,0.9962122601246799,0.0033036919334940556,0.0004840479418260316
FAKE_000_661_(3),C:\Users\Vedha\feb hack\Feb-2026-Hackathon\dataset\test\FAKE\661 (3).jpg,FAKE,low_pass,197158.22725801065,131.50053634224003,9.258983198452334e-28,0.9993334648599682,0.0006665351400317762,4.693089347309322e-33
FAKE_000_661_(3),C:\Users\Vedha\feb hack\Feb-2026-Hackathon\dataset\test\FAKE\661 (3).jpg,FAKE,slight_mask,197158.22725801065,131.50053634224003,9.258983198452334e-28,0.9993334648599682,0.0006665351400317762,4.693089347309322e-33
FAKE_001_52_(5),C:\Users\Vedha\feb hack\Feb-2026-Hackathon\dataset\test\FAKE\52 (5).jpg,FAKE,original,120282.421875,2024.541015625,382.30401611328125,0.9803825950515473,0.01650137022306887,0.003116034725383827
FAKE_001_52_(5),C:\Users\Vedha\feb hack\Feb-2026-Hackathon\dataset\test\FAKE\52 (5).jpg,FAKE,suppress_high,120283.51539417022,1964.197883021654,196.4113473428892,0.9823543249870921,0.016041585409220016,0.0016040896036879605
FAKE_001_52_(5),C:\Users\Vedha\feb hack\Feb-2026-Hackathon\dataset\test\FAKE\52 (5).jpg,FAKE,remove_checkerboard,115339.96499361358,827.5035433520607,186.4628503786521,0.9912854994958856,0.0071119517276755076,0.0016025487764389668
FAKE_001_52_(5),C:\Users\Vedha\feb hack\Feb-2026-Hackathon\dataset\test\FAKE\52 (5).jpg,FAKE,low_pass,115339.75644141425,143.79386296636085,0.00709822233582872,0.9987547927651088,0.0012451457696705816,6.146522063814367e-08
FAKE_001_52_(5),C:\Users\Vedha\feb hack\Feb-2026-Hackathon\dataset\test\FAKE\52 (5).jpg,FAKE,slight_mask,115339.75644141425,143.79386296636085,0.00709822233582872,0.9987547927651088,0.0012451457696705816,6.146522063814367e-08
FAKE_002_254_(2),C:\Users\Vedha\feb hack\Feb-2026-Hackathon\dataset\test\FAKE\254 (2).jpg,FAKE,original,231655.5625,6232.359375,546.1431884765625,0.9715707461445495,0.02613871207262605,0.0022905417828243914
FAKE_002_254_(2),C:\Users\Vedha\feb hack\Feb-2026-Hackathon\dataset\test\FAKE\254 (2).jpg,FAKE,suppress_high,231659.18276930077,6038.857324524002,299.424813596576,0.9733682787731116,0.025373620373952546,0.0012581008529357624
FAKE_002_254_(2),C:\Users\Vedha\feb hack\Feb-2026-Hackathon\dataset\test\FAKE\254 (2).jpg,FAKE,remove_checkerboard,213663.03553233604,2615.9523557867797,278.2277349149558,0.986635494539514,0.012079728436942877,0.001284777023543137
FAKE_002_254_(2),C:\Users\Vedha\feb hack\Feb-2026-Hackathon\dataset\test\FAKE\254 (2).jpg,FAKE,low_pass,213661.04205932017,490.23842502759624,0.4679584596733608,0.9977086043562314,0.0022892104715106824,2.185172257878326e-06
FAKE_002_254_(2),C:\Users\Vedha\feb hack\Feb-2026-Hackathon\dataset\test\FAKE\254 (2).jpg,FAKE,slight_mask,213661.04205932017,490.23842502759624,0.4679584596733608,0.9977086043562314,0.0022892104715106824,2.185172257878326e-06
FAKE_003_525_(3),C:\Users\Vedha\feb hack\Feb-2026-Hackathon\dataset\test\FAKE\525 (3).jpg,FAKE,original,137324.453125,2106.16064453125,202.20169067382812,0.98346833924678,0.015083564974248473,0.001448095778971491
FAKE_003_525_(3),C:\Users\Vedha\feb hack\Feb-2026-Hackathon\dataset\test\FAKE\525 (3).jpg,FAKE,suppress_high,137323.53923729766,2058.962268062121,116.5387825924423,0.9844049031006671,0.014759687692560723,0.0008354092067722068
FAKE_003_525_(3),C:\Users\Vedha\feb hack\Feb-2026-Hackathon\dataset\test\FAKE\525 (3).jpg,FAKE,remove_checkerboard,129508.15487840303,826.2795819854642,112.44584847372946,0.9928037724763018,0.0063342226355207745,0.0008620048881773846
FAKE_003_525_(3),C:\Users\Vedha\feb hack\Feb-2026-Hackathon\dataset\test\FAKE\525 (3).jpg,FAKE,low_pass,129508.15487840303,160.90111004747945,8.161864422058056e-28,0.9987591402681161,0.0012408597318839952,6.294380999260938e-33
FAKE_003_525_(3),C:\Users\Vedha\feb hack\Feb-2026-Hackathon\dataset\test\FAKE\525 (3).jpg,FAKE,slight_mask,129508.15487840303,160.90111004747945,8.161864422058056e-28,0.9987591402681161,0.0012408597318839952,6.294380999260938e-33
FAKE_004_505_(2),C:\Users\Vedha\feb hack\Feb-2026-Hackathon\dataset\test\FAKE\505 (2).jpg,FAKE,original,244463.296875,4141.35595703125,388.10858154296875,0.9818088505350129,0.016632435150002227,0.0015587143149849432
FAKE_004_505_(2),C:\Users\Vedha\feb hack\Feb-2026-Hackathon\dataset\test\FAKE\505 (2).jpg,FAKE,suppress_high,244465.13302873142,4015.761445939248,222.16940459800946,0.9829598767926939,0.0161468113150736,0.0008933118922324985
FAKE_004_505_(2),C:\Users\Vedha\feb hack\Feb-2026-Hackathon\dataset\test\FAKE\505 (2).jpg,FAKE,remove_checkerboard,228705.3040035197,1556.056674013701,210.89250399215837,0.9923333539998233,0.006751600908713783,0.0009150450914629376
FAKE_004_505_(2),C:\Users\Vedha\feb hack\Feb-2026-Hackathon\dataset\test\FAKE\505 (2).jpg,FAKE,low_pass,228705.34980461662,243.6202976161104,0.08532924725670432,0.9989355464847667,0.0010640808155202074,3.726997130252049e-07
FAKE_004_505_(2),C:\Users\Vedha\feb hack\Feb-2026-Hackathon\dataset\test\FAKE\505 (2).jpg,FAKE,slight_mask,228705.34980461662,243.6202976161104,0.08532924725670432,0.9989355464847667,0.0010640808155202074,3.726997130252049e-07
FAKE_005_67_(10),C:\Users\Vedha\feb hack\Feb-2026-Hackathon\dataset\test\FAKE\67 (10).jpg,FAKE,original,216182.4375,5838.138671875,532.7154541015625,0.9713738040923545,0.02623254245857925,0.0023936534490662355
FAKE_005_67_(10),C:\Users\Vedha\feb hack\Feb-2026-Hackathon\dataset\test\FAKE\67 (10).jpg,FAKE,suppress_high,216189.1790373222,5642.728136173138,289.5615130402831,0.9732925876805487,0.025403794462282813,0.0013036178571685967
FAKE_005_67_(10),C:\Users\Vedha\feb hack\Feb-2026-Hackathon\dataset\test\FAKE\67 (10).jpg,FAKE,remove_checkerboard,203155.42238242016,2319.1212128290686,272.10353101305463,0.9874057498382854,0.011271732712153863,0.0013225174495605293
FAKE_005_67_(10),C:\Users\Vedha\feb hack\Feb-2026-Hackathon\dataset\test\FAKE\67 (10).jpg,FAKE,low_pass,203152.41544659875,434.50818624991246,0.22194534657915385,0.9978646484267863,0.002134261399539213,1.0901736745157492e-06
FAKE_005_67_(10),C:\Users\Vedha\feb hack\Feb-2026-Hackathon\dataset\test\FAKE\67 (10).jpg,FAKE,slight_mask,203152.41544659875,434.50818624991246,0.22194534657915385,0.9978646484267863,0.002134261399539213,1.0901736745157492e-06
FAKE_006_15_(7),C:\Users\Vedha\feb hack\Feb-2026-Hackathon\dataset\test\FAKE\15 (7).jpg,FAKE,original,159383.8125,8316.68359375,989.311767578125,0.9448336833190412,0.04930163653151322,0.005864680149445609
FAKE_006_15_(7),C:\Users\Vedha\feb hack\Feb-2026-Hackathon\dataset\test\FAKE\15 (7).jpg,FAKE,suppress_high,159318.44594364837,8056.726903558538,523.9927151659604,0.948893613675901,0.047985508900969163,0.00312087742312991
FAKE_006_15_(7),C:\Users\Vedha\feb hack\Feb-2026-Hackathon\dataset\test\FAKE\15 (7).jpg,FAKE,remove_checkerboard,144586.61663814803,3675.9943552645436,481.1620274580472,0.9720515602213525,0.024713601656109363,0.0032348381225379705
FAKE_006_15_(7),C:\Users\Vedha\feb hack\Feb-2026-Hackathon\dataset\test\FAKE\15 (7).jpg,FAKE,low_pass,144486.94643689986,502.7362649388214,1.4095981419415735,0.9965229183732357,0.0034673596630245447,9.721963739849432e-06
FAKE_006_15_(7),C:\Users\Vedha\feb hack\Feb-2026-Hackathon\dataset\test\FAKE\15 (7).jpg,FAKE,slight_mask,144486.94643689986,502.7362649388214,1.4095981419415735,0.9965229183732357,0.0034673596630245447,9.721963739849432e-06
FAKE_007_567_(3),C:\Users\Vedha\feb hack\Feb-2026-Hackathon\dataset\test\FAKE\567 (3).jpg,FAKE,original,250102.859375,2538.79052734375,209.53338623046875,0.9891306661972881,0.010040651162175012,0.000828682640536953
FAKE_007_567_(3),C:\Users\Vedha\feb hack\Feb-2026-Hackathon\dataset\test\FAKE\567 (3).jpg,FAKE,suppress_high,250102.85778933688,2489.569948722118,112.35260238367947,0.9897037066429828,0.009851693131282207,0.00044460022573502005
FAKE_007_567_(3),C:\Users\Vedha\feb hack\Feb-2026-Hackathon\dataset\test\FAKE\567 (3).jpg,FAKE,remove_checkerboard,240746.36533618858,977.2504121096424,105.02076708797945,0.9955246359786313,0.0040410863915509255,0.00043427762981783
FAKE_007_567_(3),C:\Users\Vedha\feb hack\Feb-2026-Hackathon\dataset\test\FAKE\567 (3).jpg,FAKE,low_pass,240746.36533618858,160.63425453493375,1.9345473393653182e-27,0.9993332105135682,0.0006667894864318388,8.03026621331849e-33
FAKE_007_567_(3),C:\Users\Vedha\feb hack\Feb-2026-Hackathon\dataset\test\FAKE\567 (3).jpg,FAKE,slight_mask,240746.36533618858,160.63425453493375,1.9345473393653182e-27,0.9993332105135682,0.0006667894864318388,8.03026621331849e-33
FAKE_008_671_(4),C:\Users\Vedha\feb hack\Feb-2026-Hackathon\dataset\test\FAKE\671 (4).jpg,FAKE,original,230728.875,5417.443359375,808.1259765625,0.9737267247576444,0.0228628054416001,0.003410469800755437
FAKE_008_671_(4),C:\Users\Vedha\feb hack\Feb-2026-Hackathon\dataset\test\FAKE\671 (4).jpg,FAKE,suppress_high,230718.89984994245,5232.249120395911,384.0826991425281,0.9762357403089481,0.022139099123880547,0.0016251605671712742
FAKE_008_671_(4),C:\Users\Vedha\feb hack\Feb-2026-Hackathon\dataset\test\FAKE\671 (4).jpg,FAKE,remove_checkerboard,217997.92253126827,2384.8733272134896,352.7175720730015,0.9875978683414358,0.010804212200153242,0.0015979194584108886
FAKE_008_671_(4),C:\Users\Vedha\feb hack\Feb-2026-Hackathon\dataset\test\FAKE\671 (4).jpg,FAKE,low_pass,217992.07655198738,509.3021026521865,0.003990223577236492,0.9976690944161962,0.0023308873220265636,1.8261777243405012e-08
FAKE_008_671_(4),C:\Users\Vedha\feb hack\Feb-2026-Hackathon\dataset\test\FAKE\671 (4).jpg,FAKE,slight_mask,217992.07655198738,509.3021026521865,0.003990223577236492,0.9976690944161962,0.0023308873220265636,1.8261777243405012e-08
FAKE_009_137,C:\Users\Vedha\feb hack\Feb-2026-Hackathon\dataset\test\FAKE\137.jpg,FAKE,original,24162.974609375,1374.326904296875,134.1217498779297,0.9412401627019795,0.053535282800165056,0.0052245544978554315
FAKE_009_137,C:\Users\Vedha\feb hack\Feb-2026-Hackathon\dataset\test\FAKE\137.jpg,FAKE,suppress_high,24166.13605916508,1333.7376059295354,72.35508161007863,0.9450148557066694,0.05215570450039105,0.002829439792939538
FAKE_009_137,C:\Users\Vedha\feb hack\Feb-2026-Hackathon\dataset\test\FAKE\137.jpg,FAKE,remove_checkerboard,22560.4350349258,596.5024821187587,66.83722663221619,0.9714370417353629,0.025684992586365436,0.0028779656782717557
FAKE_009_137,C:\Users\Vedha\feb hack\Feb-2026-Hackathon\dataset\test\FAKE\137.jpg,FAKE,low_pass,22560.426954828792,129.22085880348095,0.048098255400728804,0.9943027461645639,0.005695134007317351,2.1198281187862454e-06
FAKE_009_137,C:\Users\Vedha\feb hack\Feb-2026-Hackathon\dataset\test\FAKE\137.jpg,FAKE,slight_mask,22560.426954828792,129.22085880348095,0.048098255400728804,0.9943027461645639,0.005695134007317351,2.1198281187862454e-06
FAKE_010_346_(10),C:\Users\Vedha\feb hack\Feb-2026-Hackathon\dataset\test\FAKE\346 (10).jpg,FAKE,original,252376.90625,5022.39453125,424.6907653808594,0.9788728532827571,0.01947993474587734,0.0016472119713655448
FAKE_010_346_(10),C:\Users\Vedha\feb hack\Feb-2026-Hackathon\dataset\test\FAKE\346 (10).jpg,FAKE,suppress_high,252372.59761700153,4905.291618484221,228.65538974641424,0.9800628484386583,0.019049192033636447,0.0008879595277051809
FAKE_010_346_(10),C:\Users\Vedha\feb hack\Feb-2026-Hackathon\dataset\test\FAKE\346 (10).jpg,FAKE,remove_checkerboard,239609.43659965706,2087.6145632048524,217.30846136259007,0.9904721529216052,0.008629560338822506,0.0008982867395724017
FAKE_010_346_(10),C:\Users\Vedha\feb hack\Feb-2026-Hackathon\dataset\test\FAKE\346 (10).jpg,FAKE,low_pass,239609.06890979293,465.7730576424449,0.004375708533052131,0.9980598657441804,0.0019401160293848773,1.8226434796079558e-08
FAKE_010_346_(10),C:\Users\Vedha\feb hack\Feb-2026-Hackathon\dataset\test\FAKE\346 (10).jpg,FAKE,slight_mask,239609.06890979293,465.7730576424449,0.004375708533052131,0.9980598657441804,0.0019401160293848773,1.8226434796079558e-08
FAKE_011_772_(8),C:\Users\Vedha\feb hack\Feb-2026-Hackathon\dataset\test\FAKE\772 (8).jpg,FAKE,original,216396.796875,4926.31640625,492.9298400878906,0.9755687362821929,0.022209017602731307,0.0022222461150758514
FAKE_011_772_(8),C:\Users\Vedha\feb hack\Feb-2026-Hackathon\dataset\test\FAKE\772 (8).jpg,FAKE,suppress_high,216377.6808101948,4783.106941913293,264.9595771620777,0.9772019894706795,0.021601403629003427,0.0011966069003171106
FAKE_011_772_(8),C:\Users\Vedha\feb hack\Feb-2026-Hackathon\dataset\test\FAKE\772 (8).jpg,FAKE,remove_checkerboard,203061.0732826656,2022.8061767422942,245.30473148517146,0.9889537821076675,0.009851527851304887,0.0011946900410275503
FAKE_011_772_(8),C:\Users\Vedha\feb hack\Feb-2026-Hackathon\dataset\test\FAKE\772 (8).jpg,FAKE,low_pass,203058.00155346637,374.89340276921394,0.03778880130138897,0.9981569788799122,0.001842835364513321,1.8575557453497362e-07
FAKE_011_772_(8),C:\Users\Vedha\feb hack\Feb-2026-Hackathon\dataset\test\FAKE\772 (8).jpg,FAKE,slight_mask,203058.00155346637,374.89340276921394,0.03778880130138897,0.9981569788799122,0.001842835364513321,1.8575557453497362e-07
FAKE_012_573_(3),C:\Users\Vedha\feb hack\Feb-2026-Hackathon\dataset\test\FAKE\573 (3).jpg,FAKE,original,168721.09375,1816.7509765625,156.1396026611328,0.9884419442959487,0.010643321636095078,0.0009147340679562599
FAKE_012_573_(3),C:\Users\Vedha\feb hack\Feb-2026-Hackathon\dataset\test\FAKE\573 (3).jpg,FAKE,suppress_high,168721.09066856018,1780.0330380755674,86.22187309493722,0.9890598279442818,0.010434730853137047,0.0005054412025811026
FAKE_012_573_(3),C:\Users\Vedha\feb hack\Feb-2026-Hackathon\dataset\test\FAKE\573 (3).jpg,FAKE,remove_checkerboard,159876.54690635114,780.9645262991448,80.04553160380485,0.9946433797168236,0.004858631305892132,0.0004979889772842941
FAKE_012_573_(3),C:\Users\Vedha\feb hack\Feb-2026-Hackathon\dataset\test\FAKE\573 (3).jpg,FAKE,low_pass,159876.54690635114,154.37289567008585,1.114613636236862e-27,0.9990353558183563,0.0009646441816435531,6.964989250925896e-33
FAKE_012_573_(3),C:\Users\Vedha\feb hack\Feb-2026-Hackathon\dataset\test\FAKE\573 (3).jpg,FAKE,slight_mask,159876.54690635114,154.37289567008585,1.114613636236862e-27,0.9990353558183563,0.0009646441816435531,6.964989250925896e-33
FAKE_013_607_(4),C:\Users\Vedha\feb hack\Feb-2026-Hackathon\dataset\test\FAKE\607 (4).jpg,FAKE,original,219482.75,5489.36572265625,767.49365234375,0.9722828466288074,0.024317246485251433,0.003399906885941248
FAKE_013_607_(4),C:\Users\Vedha\feb hack\Feb-2026-Hackathon\dataset\test\FAKE\607 (4).jpg,FAKE,suppress_high,219476.64408861418,5314.853470959768,385.5791605680315,0.9746846672203117,0.02360299524433944,0.001712337535348871
FAKE_013_607_(4),C:\Users\Vedha\feb hack\Feb-2026-Hackathon\dataset\test\FAKE\607 (4).jpg,FAKE,remove_checkerboard,207002.3430243989,2292.0130003708364,355.69152500739625,0.9873708374678541,0.010932566088861222,0.0016965964432845862
FAKE_013_607_(4),C:\Users\Vedha\feb hack\Feb-2026-Hackathon\dataset\test\FAKE\607 (4).jpg,FAKE,low_pass,207002.3430243989,539.9943760392607,1.5155949687841676e-27,0.9973981483354051,0.002601851664594969,7.302582151515116e-33
FAKE_013_607_(4),C:\Users\Vedha\feb hack\Feb-2026-Hackathon\dataset\test\FAKE\607 (4).jpg,FAKE,slight_mask,207002.3430243989,539.9943760392607,1.5155949687841676e-27,0.9973981483354051,0.002601851664594969,7.302582151515116e-33
FAKE_014_458,C:\Users\Vedha\feb hack\Feb-2026-Hackathon\dataset\test\FAKE\458.jpg,FAKE,original,520041.78125,9020.099609375,636.8388671875,0.9817689978908245,0.017028735908652556,0.0012022662005229023
FAKE_014_458,C:\Users\Vedha\feb hack\Feb-2026-Hackathon\dataset\test\FAKE\458.jpg,FAKE,suppress_high,519898.68887427874,8818.33840278755,340.5105903012086,0.9826883687736345,0.016668013914581576,0.0006436173117839088
FAKE_014_458,C:\Users\Vedha\feb hack\Feb-2026-Hackathon\dataset\test\FAKE\458.jpg,FAKE,remove_checkerboard,497293.7500433469,3746.3983257944865,316.88894297774755,0.9918954218922379,0.007472515686385332,0.0006320624213767019
FAKE_014_458,C:\Users\Vedha\feb hack\Feb-2026-Hackathon\dataset\test\FAKE\458.jpg,FAKE,low_pass,497258.9849063859,843.8630477925283,0.18320980786655908,0.9983054785761332,0.0016941536087836221,3.6781508323373855e-07
FAKE_014_458,C:\Users\Vedha\feb hack\Feb-2026-Hackathon\dataset\test\FAKE\458.jpg,FAKE,slight_mask,497258.9849063859,843.8630477925283,0.18320980786655908,0.9983054785761332,0.0016941536087836221,3.6781508323373855e-07
FAKE_015_641_(4),C:\Users\Vedha\feb hack\Feb-2026-Hackathon\dataset\test\FAKE\641 (4).jpg,FAKE,original,194243.09375,7358.8017578125,611.0960693359375,0.9605866182731996,0.036391340142974765,0.0030220415838256944
FAKE_015_641_(4),C:\Users\Vedha\feb hack\Feb-2026-Hackathon\dataset\test\FAKE\641 (4).jpg,FAKE,suppress_high,194240.30418478226,7166.339304449659,334.37005117011046,0.9628201067101428,0.03552247100718803,0.0016574222826690975
FAKE_015_641_(4),C:\Users\Vedha\feb hack\Feb-2026-Hackathon\dataset\test\FAKE\641 (4).jpg,FAKE,remove_checkerboard,179190.81327061873,2991.567643215574,309.568494433728,0.9819107848409023,0.016392874605788154,0.0016963405533093755
FAKE_015_641_(4),C:\Users\Vedha\feb hack\Feb-2026-Hackathon\dataset\test\FAKE\641 (4).jpg,FAKE,low_pass,179188.76682211648,754.9969945644766,0.38381080079936897,0.9958021374113869,0.0041957296445531665,2.132944059919801e-06
FAKE_015_641_(4),C:\Users\Vedha\feb hack\Feb-2026-Hackathon\dataset\test\FAKE\641 (4).jpg,FAKE,slight_mask,179188.76682211648,754.9969945644766,0.38381080079936897,0.9958021374113869,0.0041957296445531665,2.132944059919801e-06
FAKE_016_150_(3),C:\Users\Vedha\feb hack\Feb-2026-Hackathon\dataset\test\FAKE\150 (3).jpg,FAKE,original,295297.3125,456.87030029296875,44.83824157714844,0.9983038870781148,0.001544529453423374,0.00015158346846185682
FAKE_016_150_(3),C:\Users\Vedha\feb hack\Feb-2026-Hackathon\dataset\test\FAKE\150 (3).jpg,FAKE,suppress_high,295297.3301334184,447.7491137383154,25.990616680828783,0.9983982891543881,0.001513836745238279,8.787410037362322e-05
FAKE_016_150_(3),C:\Users\Vedha\feb hack\Feb-2026-Hackathon\dataset\test\FAKE\150 (3).jpg,FAKE,remove_checkerboard,285200.2924803934,200.83406003653278,25.074773720282153,0.9992085210372534,0.0007036286756851999,8.785028706136186e-05
FAKE_016_150_(3),C:\Users\Vedha\feb hack\Feb-2026-Hackathon\dataset\test\FAKE\150 (3).jpg,FAKE,low_pass,285200.2924803934,35.03324590882933,2.3381841634012823e-27,0.9998771777450088,0.00012282225499111391,8.197386342128214e-33
FAKE_016_150_(3),C:\Users\Vedha\feb hack\Feb-2026-Hackathon\dataset\test\FAKE\150 (3).jpg,FAKE,slight_mask,285200.2924803934,35.03324590882933,2.3381841634012823e-27,0.9998771777450088,0.00012282225499111391,8.197386342128214e-33
FAKE_017_993_(10),C:\Users\Vedha\feb hack\Feb-2026-Hackathon\dataset\test\FAKE\993 (10).jpg,FAKE,original,250725.53125,4626.56640625,571.702880859375,0.9796882147100046,0.018077905988189404,0.0022338793018059967
FAKE_017_993_(10),C:\Users\Vedha\feb hack\Feb-2026-Hackathon\dataset\test\FAKE\993 (10).jpg,FAKE,suppress_high,250724.26497127442,4497.96303195588,323.5043029041126,0.9811326634518629,0.017601401484441483,0.0012659350636956297
FAKE_017_993_(10),C:\Users\Vedha\feb hack\Feb-2026-Hackathon\dataset\test\FAKE\993 (10).jpg,FAKE,remove_checkerboard,237513.60175480493,1888.6697763658008,310.0863429429603,0.9908275228744634,0.0078789003333639,0.001293576792172742
FAKE_017_993_(10),C:\Users\Vedha\feb hack\Feb-2026-Hackathon\dataset\test\FAKE\993 (10).jpg,FAKE,low_pass,237513.18249133142,304.4532542126002,0.16131768624454976,0.9987191262569056,0.0012801954183927335,6.783247016692326e-07
FAKE_017_993_(10),C:\Users\Vedha\feb hack\Feb-2026-Hackathon\dataset\test\FAKE\993 (10).jpg,FAKE,slight_mask,237513.18249133142,304.4532542126002,0.16131768624454976,0.9987191262569056,0.0012801954183927335,6.783247016692326e-07
FAKE_018_733_(2),C:\Users\Vedha\feb hack\Feb-2026-Hackathon\dataset\test\FAKE\733 (2).jpg,FAKE,original,189119.5,2611.99072265625,407.2366943359375,0.9842862110227281,0.013594295943199075,0.0021194930340728522
FAKE_018_733_(2),C:\Users\Vedha\feb hack\Feb-2026-Hackathon\dataset\test\FAKE\733 (2).jpg,FAKE,suppress_high,189121.15755922048,2534.414294024618,232.60978068143004,0.9855800182630069,0.013207766483814156,0.0012122152531790097
FAKE_018_733_(2),C:\Users\Vedha\feb hack\Feb-2026-Hackathon\dataset\test\FAKE\733 (2).jpg,FAKE,remove_checkerboard,177844.79138001605,1183.4365489472088,220.09432154635715,0.9921699079083595,0.006602218275121648,0.0012278738165189796
FAKE_018_733_(2),C:\Users\Vedha\feb hack\Feb-2026-Hackathon\dataset\test\FAKE\733 (2).jpg,FAKE,low_pass,177844.06133220598,188.7834953549231,0.09452552149208207,0.9989390838484004,0.0010603852075964423,5.309440030342648e-07
FAKE_018_733_(2),C:\Users\Vedha\feb hack\Feb-2026-Hackathon\dataset\test\FAKE\733 (2).jpg,FAKE,slight_mask,177844.06133220598,188.7834953549231,0.09452552149208207,0.9989390838484004,0.0010603852075964423,5.309440030342648e-07
FAKE_019_832_(9),C:\Users\Vedha\feb hack\Feb-2026-Hackathon\dataset\test\FAKE\832 (9).jpg,FAKE,original,225989.828125,13169.4765625,934.6365356445312,0.9412558558275483,0.05485134899868307,0.003892795173768568
FAKE_019_832_(9),C:\Users\Vedha\feb hack\Feb-2026-Hackathon\dataset\test\FAKE\832 (9).jpg,FAKE,suppress_high,225867.96749174906,12931.162510379867,546.94717609197,0.9436877769405185,0.054027050131058206,0.002285172928423241
FAKE_019_832_(9),C:\Users\Vedha\feb hack\Feb-2026-Hackathon\dataset\test\FAKE\832 (9).jpg,FAKE,remove_checkerboard,207473.47286633292,5285.722372351627,521.5639294977898,0.9727716352637789,0.0247829311606284,0.0024454335755927756
FAKE_019_832_(9),C:\Users\Vedha\feb hack\Feb-2026-Hackathon\dataset\test\FAKE\832 (9).jpg,FAKE,low_pass,207473.47286633292,447.57231330584386,1.380934266133517e-27,0.9978473929230245,0.002152607076975552,6.641628147551987e-33
FAKE_019_832_(9),C:\Users\Vedha\feb hack\Feb-2026-Hackathon\dataset\test\FAKE\832 (9).jpg,FAKE,slight_mask,207473.47286633292,447.57231330584386,1.380934266133517e-27,0.9978473929230245,0.002152607076975552,6.641628147551987e-33
FAKE_020_99_(7),C:\Users\Vedha\feb hack\Feb-2026-Hackathon\dataset\test\FAKE\99 (7).jpg,FAKE,original,207812.203125,7426.8583984375,1588.35693359375,0.9584221617534141,0.03425239506741295,0.007325443179173003
FAKE_020_99_(7),C:\Users\Vedha\feb hack\Feb-2026-Hackathon\dataset\test\FAKE\99 (7).jpg,FAKE,suppress_high,207771.63786995015,7142.344336259697,784.6188500370281,0.9632498164221768,0.033112613161534674,0.003637570416288542
FAKE_020_99_(7),C:\Users\Vedha\feb hack\Feb-2026-Hackathon\dataset\test\FAKE\99 (7).jpg,FAKE,remove_checkerboard,194648.3214886507,3317.4600787746595,723.8052448676551,0.9796604070274694,0.016696698261840698,0.0036428947106898557
FAKE_020_99_(7),C:\Users\Vedha\feb hack\Feb-2026-Hackathon\dataset\test\FAKE\99 (7).jpg,FAKE,low_pass,194642.4440464594,557.4007403995914,1.16275185608206,0.9971385214692353,0.0028555218409363984,5.956689828311703e-06
FAKE_020_99_(7),C:\Users\Vedha\feb hack\Feb-2026-Hackathon\dataset\test\FAKE\99 (7).jpg,FAKE,slight_mask,194642.4440464594,557.4007403995914,1.16275185608206,0.9971385214692353,0.0028555218409363984,5.956689828311703e-06
FAKE_021_30,C:\Users\Vedha\feb hack\Feb-2026-Hackathon\dataset\test\FAKE\30.jpg,FAKE,original,237506.734375,2202.348876953125,291.3548889160156,0.9896095866108151,0.009176436901587856,0.0012139764875970926
FAKE_021_30,C:\Users\Vedha\feb hack\Feb-2026-Hackathon\dataset\test\FAKE\30.jpg,FAKE,suppress_high,237492.57993971623,2129.3885827033014,171.57646081611654,0.9904043912287952,0.00888009134212587,0.0007155174290788841
FAKE_021_30,C:\Users\Vedha\feb hack\Feb-2026-Hackathon\dataset\test\FAKE\30.jpg,FAKE,remove_checkerboard,228238.12681216418,938.080891177629,165.07707604328294,0.9951898849425121,0.004090327182391152,0.0007197878750966224
FAKE_021_30,C:\Users\Vedha\feb hack\Feb-2026-Hackathon\dataset\test\FAKE\30.jpg,FAKE,low_pass,228238.12681216418,112.87434070346686,1.9318595165618023e-27,0.9995056980694912,0.0004943019305087438,8.460043997216966e-33
FAKE_021_30,C:\Users\Vedha\feb hack\Feb-2026-Hackathon\dataset\test\FAKE\30.jpg,FAKE,slight_mask,228238.12681216418,112.87434070346686,1.9318595165618023e-27,0.9995056980694912,0.0004943019305087438,8.460043997216966e-33
FAKE_022_516_(10),C:\Users\Vedha\feb hack\Feb-2026-Hackathon\dataset\test\FAKE\516 (10).jpg,FAKE,original,259751.09375,3656.54248046875,442.17803955078125,0.9844657062527815,0.01385842355275151,0.0016758701944670068
FAKE_022_516_(10),C:\Users\Vedha\feb hack\Feb-2026-Hackathon\dataset\test\FAKE\516 (10).jpg,FAKE,suppress_high,259751.1119900194,3548.8909406537223,245.41793108335986,0.9856028275531017,0.013465955618008264,0.0009312168288899792
FAKE_022_516_(10),C:\Users\Vedha\feb hack\Feb-2026-Hackathon\dataset\test\FAKE\516 (10).jpg,FAKE,remove_checkerboard,247183.63966969665,1490.5321763256861,235.43265267113713,0.9930658970252557,0.0059882469353789445,0.000945856039365379
FAKE_022_516_(10),C:\Users\Vedha\feb hack\Feb-2026-Hackathon\dataset\test\FAKE\516 (10).jpg,FAKE,low_pass,247183.63966969665,221.02958584349338,2.4947776615095955e-27,0.9991066070559275,0.0008933929440725131,1.0083793765964786e-32
FAKE_022_516_(10),C:\Users\Vedha\feb hack\Feb-2026-Hackathon\dataset\test\FAKE\516 (10).jpg,FAKE,slight_mask,247183.63966969665,221.02958584349338,2.4947776615095955e-27,0.9991066070559275,0.0008933929440725131,1.0083793765964786e-32
FAKE_023_952_(6),C:\Users\Vedha\feb hack\Feb-2026-Hackathon\dataset\test\FAKE\952 (6).jpg,FAKE,original,133061.953125,3961.7822265625,260.7508544921875,0.969242459962177,0.028858193201933495,0.0018993468358895133
FAKE_023_952_(6),C:\Users\Vedha\feb hack\Feb-2026-Hackathon\dataset\test\FAKE\952 (6).jpg,FAKE,suppress_high,133062.71252747864,3890.329371763392,141.9896877329939,0.9705874165327557,0.028376880815664803,0.0010357026515794164
FAKE_023_952_(6),C:\Users\Vedha\feb hack\Feb-2026-Hackathon\dataset\test\FAKE\952 (6).jpg,FAKE,remove_checkerboard,123513.89370944406,1651.0237351598237,135.64506048940936,0.9857409355558432,0.013176506969732972,0.0010825574744239123
FAKE_023_952_(6),C:\Users\Vedha\feb hack\Feb-2026-Hackathon\dataset\test\FAKE\952 (6).jpg,FAKE,low_pass,123513.89370944406,487.93298225178546,8.23216171166301e-28,0.9960651145610545,0.003934885438945403,6.638742292184557e-33
FAKE_023_952_(6),C:\Users\Vedha\feb hack\Feb-2026-Hackathon\dataset\test\FAKE\952 (6).jpg,FAKE,slight_mask,123513.89370944406,487.93298225178546,8.23216171166301e-28,0.9960651145610545,0.003934885438945403,6.638742292184557e-33
REAL_024_0941_(6),C:\Users\Vedha\feb hack\Feb-2026-Hackathon\dataset\test\REAL\0941 (6).jpg,REAL,original,181984.375,1730.93212890625,175.8329315185547,0.9896310118051459,0.009412808732043768,0.0009561794628103221
REAL_024_0941_(6),C:\Users\Vedha\feb hack\Feb-2026-Hackathon\dataset\test\REAL\0941 (6).jpg,REAL,suppress_high,181953.72094848647,1692.3755308072482,105.4222993902066,0.9902161470982846,0.009210130844390997,0.0005737220573244923
REAL_024_0941_(6),C:\Users\Vedha\feb hack\Feb-2026-Hackathon\dataset\test\REAL\0941 (6).jpg,REAL,remove_checkerboard,173032.20785562022,760.8265722594126,100.3414045851612,0.9950477240853943,0.004375247582705051,0.000577028331900542
REAL_024_0941_(6),C:\Users\Vedha\feb hack\Feb-2026-Hackathon\dataset\test\REAL\0941 (6).jpg,REAL,low_pass,173030.96365641878,143.2031186078653,0.12536906465885791,0.999172345468268,0.0008269305844121008,7.239473198166354e-07
REAL_024_0941_(6),C:\Users\Vedha\feb hack\Feb-2026-Hackathon\dataset\test\REAL\0941 (6).jpg,REAL,slight_mask,173030.96365641878,143.2031186078653,0.12536906465885791,0.999172345468268,0.0008269305844121008,7.239473198166354e-07
REAL_025_0637_(8),C:\Users\Vedha\feb hack\Feb-2026-Hackathon\dataset\test\REAL\0637 (8).jpg,REAL,original,361299.6875,3961.7265625,231.81793212890625,0.9885263415912158,0.010839397875794918,0.0006342605329893302
REAL_025_0637_(8),C:\Users\Vedha\feb hack\Feb-2026-Hackathon\dataset\test\REAL\0637 (8).jpg,REAL,suppress_high,361291.87803641456,3887.346007052868,130.85399255846625,0.9890005772049489,0.010641223006909511,0.00035819978814151897
REAL_025_0637_(8),C:\Users\Vedha\feb hack\Feb-2026-Hackathon\dataset\test\REAL\0637 (8).jpg,REAL,remove_checkerboard,344144.41888331255,1480.6843662816184,124.94860975812146,0.9953560875337399,0.004282528255075855,0.00036138421118429604
REAL_025_0637_(8),C:\Users\Vedha\feb hack\Feb-2026-Hackathon\dataset\test\REAL\0637 (8).jpg,REAL,low_pass,344144.4188833125,307.61917067551747,2.732379608414174e-27,0.9991069317736848,0.0008930682263151612,7.93254011168287e-33
REAL_025_0637_(8),C:\Users\Vedha\feb hack\Feb-2026-Hackathon\dataset\test\REAL\0637 (8).jpg,REAL,slight_mask,344144.4188833125,307.61917067551747,2.732379608414174e-27,0.9991069317736848,0.0008930682263151612,7.93254011168287e-33
REAL_026_0801,C:\Users\Vedha\feb hack\Feb-2026-Hackathon\dataset\test\REAL\0801.jpg,REAL,original,271769.96875,1548.39990234375,115.20410919189453,0.9939158750890239,0.005662800974678139,0.00042132393629792226
REAL_026_0801,C:\Users\Vedha\feb hack\Feb-2026-Hackathon\dataset\test\REAL\0801.jpg,REAL,suppress_high,271770.25508611614,1516.9231822782324,65.93608589674142,0.9942094705161345,0.00554931735773882,0.00024121212612665573
REAL_026_0801,C:\Users\Vedha\feb hack\Feb-2026-Hackathon\dataset\test\REAL\0801.jpg,REAL,remove_checkerboard,261558.69030382004,602.2905308102509,62.684383861314345,0.9974640926702114,0.002296858028844981,0.00023904930094346776
REAL_026_0801,C:\Users\Vedha\feb hack\Feb-2026-Hackathon\dataset\test\REAL\0801.jpg,REAL,low_pass,261558.69030382004,172.86338368683985,2.454983837725714e-27,0.9993395393820448,0.0006604606179552552,9.379777879807453e-33
REAL_026_0801,C:\Users\Vedha\feb hack\Feb-2026-Hackathon\dataset\test\REAL\0801.jpg,REAL,slight_mask,261558.69030382004,172.86338368683985,2.454983837725714e-27,0.9993395393820448,0.0006604606179552552,9.379777879807453e-33
REAL_027_0775_(5),C:\Users\Vedha\feb hack\Feb-2026-Hackathon\dataset\test\REAL\0775 (5).jpg,REAL,original,108878.984375,1468.957763671875,100.8250732421875,0.9857872307990349,0.013299901852715465,0.0009128673482496918
REAL_027_0775_(5),C:\Users\Vedha\feb hack\Feb-2026-Hackathon\dataset\test\REAL\0775 (5).jpg,REAL,suppress_high,108878.44163936596,1442.2714464297558,56.145239627277235,0.9864245394479405,0.013066791973526923,0.0005086685785325106
REAL_027_0775_(5),C:\Users\Vedha\feb hack\Feb-2026-Hackathon\dataset\test\REAL\0775 (5).jpg,REAL,remove_checkerboard,103606.17991995352,606.8456239164075,54.22149508544228,0.9936598774996441,0.005820098268152063,0.0005200242322038535
REAL_027_0775_(5),C:\Users\Vedha\feb hack\Feb-2026-Hackathon\dataset\test\REAL\0775 (5).jpg,REAL,low_pass,103606.17991995352,101.17658760963988,7.340844206593347e-28,0.9990244029833866,0.0009755970166133902,7.07842187266435e-33
REAL_027_0775_(5),C:\Users\Vedha\feb hack\Feb-2026-Hackathon\dataset\test\REAL\0775 (5).jpg,REAL,slight_mask,103606.17991995352,101.17658760963988,7.340844206593347e-28,0.9990244029833866,0.0009755970166133902,7.07842187266435e-33
REAL_028_0496_(2),C:\Users\Vedha\feb hack\Feb-2026-Hackathon\dataset\test\REAL\0496 (2).jpg,REAL,original,242133.421875,2005.991943359375,148.40359497070312,0.9911809129037127,0.008211592230018072,0.0006074948662691895
REAL_028_0496_(2),C:\Users\Vedha\feb hack\Feb-2026-Hackathon\dataset\test\REAL\0496 (2).jpg,REAL,suppress_high,242133.4304386488,1955.4871934580926,80.53400727833495,0.9916614417280035,0.008008729922308869,0.00032982834968756016
REAL_028_0496_(2),C:\Users\Vedha\feb hack\Feb-2026-Hackathon\dataset\test\REAL\0496 (2).jpg,REAL,remove_checkerboard,231848.89473223087,800.3556089257042,77.48611011547803,0.9962280151716689,0.003439035931710757,0.0003329488966202297
REAL_028_0496_(2),C:\Users\Vedha\feb hack\Feb-2026-Hackathon\dataset\test\REAL\0496 (2).jpg,REAL,low_pass,231848.89473223087,202.37419806021322,2.014051631417623e-27,0.9991278901468924,0.0008721098531075348,8.679339012891373e-33
REAL_028_0496_(2),C:\Users\Vedha\feb hack\Feb-2026-Hackathon\dataset\test\REAL\0496 (2).jpg,REAL,slight_mask,231848.89473223087,202.37419806021322,2.014051631417623e-27,0.9991278901468924,0.0008721098531075348,8.679339012891373e-33
REAL_029_0736_(5),C:\Users\Vedha\feb hack\Feb-2026-Hackathon\dataset\test\REAL\0736 (5).jpg,REAL,original,67340.2578125,3567.529296875,340.375,0.945150805562172,0.05007187822470969,0.004777316213118326
REAL_029_0736_(5),C:\Users\Vedha\feb hack\Feb-2026-Hackathon\dataset\test\REAL\0736 (5).jpg,REAL,suppress_high,67342.58151522612,3479.2081308609313,180.80989240214342,0.9484523377023816,0.04900113733124541,0.0025465249663729522
REAL_029_0736_(5),C:\Users\Vedha\feb hack\Feb-2026-Hackathon\dataset\test\REAL\0736 (5).jpg,REAL,remove_checkerboard,62846.947906714355,1474.6262878646662,170.93623240334784,0.9744844399857701,0.022865078101343566,0.002650481912886299
REAL_029_0736_(5),C:\Users\Vedha\feb hack\Feb-2026-Hackathon\dataset\test\REAL\0736 (5).jpg,REAL,low_pass,62846.947906714355,369.20554990295096,5.1344754265094675e-28,0.9941596327882188,0.005840367211781113,8.122094030971136e-33
REAL_029_0736_(5),C:\Users\Vedha\feb hack\Feb-2026-Hackathon\dataset\test\REAL\0736 (5).jpg,REAL,slight_mask,62846.947906714355,369.20554990295096,5.1344754265094675e-28,0.9941596327882188,0.005840367211781113,8.122094030971136e-33
REAL_030_0531_(7),C:\Users\Vedha\feb hack\Feb-2026-Hackathon\dataset\test\REAL\0531 (7).jpg,REAL,original,373503.3125,5388.22607421875,436.749755859375,0.984643971964966,0.014204651327058702,0.0011513767079752585
REAL_030_0531_(7),C:\Users\Vedha\feb hack\Feb-2026-Hackathon\dataset\test\REAL\0531 (7).jpg,REAL,suppress_high,373505.2153776697,5230.785805252133,221.63921618796314,0.9856120462020563,0.013803088386720966,0.0005848654112225778
REAL_030_0531_(7),C:\Users\Vedha\feb hack\Feb-2026-Hackathon\dataset\test\REAL\0531 (7).jpg,REAL,remove_checkerboard,356949.32386702154,2331.584146456987,206.6666173844119,0.9929392531398401,0.006485854619178859,0.0005748922409811409
REAL_030_0531_(7),C:\Users\Vedha\feb hack\Feb-2026-Hackathon\dataset\test\REAL\0531 (7).jpg,REAL,low_pass,356949.3238670215,466.4032987095154,2.6355441053535574e-27,0.9986950677788914,0.0013049322211085793,7.373889577420512e-33
REAL_030_0531_(7),C:\Users\Vedha\feb hack\Feb-2026-Hackathon\dataset\test\REAL\0531 (7).jpg,REAL,slight_mask,356949.3238670215,466.4032987095154,2.6355441053535574e-27,0.9986950677788914,0.0013049322211085793,7.373889577420512e-33
REAL_031_0426_(6),C:\Users\Vedha\feb hack\Feb-2026-Hackathon\dataset\test\REAL\0426 (6).jpg,REAL,original,378029.5,1900.6488037109375,207.630859375,0.9944539065152785,0.004999894526125428,0.0005461989585960704
REAL_031_0426_(6),C:\Users\Vedha\feb hack\Feb-2026-Hackathon\dataset\test\REAL\0426 (6).jpg,REAL,suppress_high,378027.4954056317,1859.8089163528662,127.76620351448626,0.994769746586316,0.004894039896315303,0.00033621351736868324
REAL_031_0426_(6),C:\Users\Vedha\feb hack\Feb-2026-Hackathon\dataset\test\REAL\0426 (6).jpg,REAL,remove_checkerboard,360618.765042802,765.4928418633497,123.39186820168158,0.9975411731655673,0.0021175010885292576,0.00034132574590339766
REAL_031_0426_(6),C:\Users\Vedha\feb hack\Feb-2026-Hackathon\dataset\test\REAL\0426 (6).jpg,REAL,low_pass,360618.511015301,229.0561581365136,0.12739966859638843,0.9993648745405558,0.0006347724028207913,3.5305662336877654e-07
REAL_031_0426_(6),C:\Users\Vedha\feb hack\Feb-2026-Hackathon\dataset\test\REAL\0426 (6).jpg,REAL,slight_mask,360618.511015301,229.0561581365136,0.12739966859638843,0.9993648745405558,0.0006347724028207913,3.5305662336877654e-07
REAL_032_0630_(3),C:\Users\Vedha\feb hack\Feb-2026-Hackathon\dataset\test\REAL\0630 (3).jpg,REAL,original,227043.78125,1085.629638671875,106.94908905029297,0.9947748083266024,0.00475660249216138,0.0004685891812362067
REAL_032_0630_(3),C:\Users\Vedha\feb hack\Feb-2026-Hackathon\dataset\test\REAL\0630 (3).jpg,REAL,suppress_high,227043.79603740372,1064.4201744603884,61.58842639196239,0.9950650411318116,0.004665035218608073,0.00026992364958021344
REAL_032_0630_(3),C:\Users\Vedha\feb hack\Feb-2026-Hackathon\dataset\test\REAL\0630 (3).jpg,REAL,remove_checkerboard,218336.09320842658,411.2481133122117,59.34239674996275,0.9978492864017462,0.0018795043475057338,0.00027120925074807683
REAL_032_0630_(3),C:\Users\Vedha\feb hack\Feb-2026-Hackathon\dataset\test\REAL\0630 (3).jpg,REAL,low_pass,218336.09320842658,93.98385786109489,1.4067395417996573e-27,0.9995697302353074,0.00043026976469258535,6.440228198851706e-33
REAL_032_0630_(3),C:\Users\Vedha\feb hack\Feb-2026-Hackathon\dataset\test\REAL\0630 (3).jpg,REAL,slight_mask,218336.09320842658,93.98385786109489,1.4067395417996573e-27,0.9995697302353074,0.00043026976469258535,6.440228198851706e-33
REAL_033_0858_(2),C:\Users\Vedha\feb hack\Feb-2026-Hackathon\dataset\test\REAL\0858 (2).jpg,REAL,original,589805.0625,6026.865234375,385.0777893066406,0.9892456220398314,0.010108509449644696,0.0006458685105239679
REAL_033_0858_(2),C:\Users\Vedha\feb hack\Feb-2026-Hackathon\dataset\test\REAL\0858 (2).jpg,REAL,suppress_high,589636.1741444601,5881.177290836704,205.9325948801311,0.9897819842720661,0.00987233074230281,0.00034568498563118005
REAL_033_0858_(2),C:\Users\Vedha\feb hack\Feb-2026-Hackathon\dataset\test\REAL\0858 (2).jpg,REAL,remove_checkerboard,562859.6719189925,2412.1214251280935,187.41648657753274,0.9954027843803555,0.004265774406345415,0.0003314412132992694
REAL_033_0858_(2),C:\Users\Vedha\feb hack\Feb-2026-Hackathon\dataset\test\REAL\0858 (2).jpg,REAL,low_pass,562790.6025599899,690.5993290426261,0.16863170519936357,0.9987741068349616,0.0012255938974600228,2.9926757834695344e-07
REAL_033_0858_(2),C:\Users\Vedha\feb hack\Feb-2026-Hackathon\dataset\test\REAL\0858 (2).jpg,REAL,slight_mask,562790.6025599899,690.5993290426261,0.16863170519936357,0.9987741068349616,0.0012255938974600228,2.9926757834695344e-07
REAL_034_0166_(8),C:\Users\Vedha\feb hack\Feb-2026-Hackathon\dataset\test\REAL\0166 (8).jpg,REAL,original,253024.453125,3361.1181640625,207.10830688476562,0.9860938103278468,0.013099041521196956,0.0008071481509562005
REAL_034_0166_(8),C:\Users\Vedha\feb hack\Feb-2026-Hackathon\dataset\test\REAL\0166 (8).jpg,REAL,suppress_high,253024.45097501317,3293.747055061105,113.64173806853107,0.986712302200029,0.012844532324999899,0.0004431654749709793
REAL_034_0166_(8),C:\Users\Vedha\feb hack\Feb-2026-Hackathon\dataset\test\REAL\0166 (8).jpg,REAL,remove_checkerboard,241779.80113205547,1393.0874113988903,107.93274921093969,0.9938300925135233,0.005726252501108646,0.000443654985368112
REAL_034_0166_(8),C:\Users\Vedha\feb hack\Feb-2026-Hackathon\dataset\test\REAL\0166 (8).jpg,REAL,low_pass,241779.80113205547,272.91956194010515,1.9977895138638632e-27,0.9988724788502372,0.0011275211497627892,8.253530504164339e-33
REAL_034_0166_(8),C:\Users\Vedha\feb hack\Feb-2026-Hackathon\dataset\test\REAL\0166 (8).jpg,REAL,slight_mask,241779.80113205547,272.91956194010515,1.9977895138638632e-27,0.9988724788502372,0.0011275211497627892,8.253530504164339e-33
REAL_035_0004_(3),C:\Users\Vedha\feb hack\Feb-2026-Hackathon\dataset\test\REAL\0004 (3).jpg,REAL,original,444039.59375,602.4814453125,46.220428466796875,0.9985412211651099,0.0013548398985122351,0.00010393893637781026
REAL_035_0004_(3),C:\Users\Vedha\feb hack\Feb-2026-Hackathon\dataset\test\REAL\0004 (3).jpg,REAL,suppress_high,444039.57932419534,595.2581550431073,26.547860725892292,0.9986016190380606,0.0013386774176219612,5.97035443174253e-05
REAL_035_0004_(3),C:\Users\Vedha\feb hack\Feb-2026-Hackathon\dataset\test\REAL\0004 (3).jpg,REAL,remove_checkerboard,429240.9293255605,240.20408056059222,25.581545665735163,0.9993811840025454,0.0005592557047392278,5.956029271534614e-05
REAL_035_0004_(3),C:\Users\Vedha\feb hack\Feb-2026-Hackathon\dataset\test\REAL\0004 (3).jpg,REAL,low_pass,429240.9293255605,47.66512140173165,3.1593711993774222e-27,0.9998889671842711,0.00011103281572886182,7.359550755005573e-33
REAL_035_0004_(3),C:\Users\Vedha\feb hack\Feb-2026-Hackathon\dataset\test\REAL\0004 (3).jpg,REAL,slight_mask,429240.9293255605,47.66512140173165,3.1593711993774222e-27,0.9998889671842711,0.00011103281572886182,7.359550755005573e-33
REAL_036_0684_(2),C:\Users\Vedha\feb hack\Feb-2026-Hackathon\dataset\test\REAL\0684 (2).jpg,REAL,original,569684.6875,4634.3310546875,275.0453796386719,0.9914559221153261,0.008065400159123791,0.0004786777255500998
REAL_036_0684_(2),C:\Users\Vedha\feb hack\Feb-2026-Hackathon\dataset\test\REAL\0684 (2).jpg,REAL,suppress_high,569319.3450892721,4526.970513938744,154.9224944158551,0.9918434095649837,0.007886691201123843,0.0002698992338924289
REAL_036_0684_(2),C:\Users\Vedha\feb hack\Feb-2026-Hackathon\dataset\test\REAL\0684 (2).jpg,REAL,remove_checkerboard,543571.1474611078,1855.1175270501735,143.2822256212807,0.9963370394061082,0.003400331885319202,0.0002626287085725775
REAL_036_0684_(2),C:\Users\Vedha\feb hack\Feb-2026-Hackathon\dataset\test\REAL\0684 (2).jpg,REAL,low_pass,543536.4948152812,380.8454920371155,0.49221299923033524,0.9992989056761213,0.0007001893838861945,9.049399924058364e-07
REAL_036_0684_(2),C:\Users\Vedha\feb hack\Feb-2026-Hackathon\dataset\test\REAL\0684 (2).jpg,REAL,slight_mask,543536.4948152812,380.8454920371155,0.49221299923033524,0.9992989056761213,0.0007001893838861945,9.049399924058364e-07
REAL_037_0479_(5),C:\Users\Vedha\feb hack\Feb-2026-Hackathon\dataset\test\REAL\0479 (5).jpg,REAL,original,502349.5625,3548.5732421875,346.10577392578125,0.9923067193723539,0.00700960712473517,0.0006836735029108771
REAL_037_0479_(5),C:\Users\Vedha\feb hack\Feb-2026-Hackathon\dataset\test\REAL\0479 (5).jpg,REAL,suppress_high,502349.6282313164,3453.5300258487996,189.32590394797734,0.9928005730444073,0.0068252595324106834,0.00037416742318191037
REAL_037_0479_(5),C:\Users\Vedha\feb hack\Feb-2026-Hackathon\dataset\test\REAL\0479 (5).jpg,REAL,remove_checkerboard,483359.7204101495,1594.681957619298,181.15413387227602,0.9963395053862938,0.0032870853027527026,0.00037340931095340815
REAL_037_0479_(5),C:\Users\Vedha\feb hack\Feb-2026-Hackathon\dataset\test\REAL\0479 (5).jpg,REAL,low_pass,483359.7204101495,251.43856268559165,3.97169815142975e-27,0.9994800811395262,0.0005199188604738445,8.212585830040461e-33
REAL_037_0479_(5),C:\Users\Vedha\feb hack\Feb-2026-Hackathon\dataset\test\REAL\0479 (5).jpg,REAL,slight_mask,483359.7204101495,251.43856268559165,3.97169815142975e-27,0.9994800811395262,0.0005199188604738445,8.212585830040461e-33
REAL_038_0964,C:\Users\Vedha\feb hack\Feb-2026-Hackathon\dataset\test\REAL\0964.jpg,REAL,original,298435.9375,3984.01123046875,503.114013671875,0.9851872445647012,0.013151891422125838,0.001660864013172951
REAL_038_0964,C:\Users\Vedha\feb hack\Feb-2026-Hackathon\dataset\test\REAL\0964.jpg,REAL,suppress_high,298435.9062507242,3870.9818422051076,285.89446705404794,0.9862624736978479,0.012792710419118333,0.0009448158830337425
REAL_038_0964,C:\Users\Vedha\feb hack\Feb-2026-Hackathon\dataset\test\REAL\0964.jpg,REAL,remove_checkerboard,283273.9003514499,1741.9929012030834,276.05747264665723,0.9929263676429733,0.0061060008765561145,0.0009676314804705652
REAL_038_0964,C:\Users\Vedha\feb hack\Feb-2026-Hackathon\dataset\test\REAL\0964.jpg,REAL,low_pass,283273.9003514499,292.0466330673108,2.2829538609443494e-27,0.9989700927203249,0.0010299072796750755,8.050874532790778e-33
REAL_038_0964,C:\Users\Vedha\feb hack\Feb-2026-Hackathon\dataset\test\REAL\0964.jpg,REAL,slight_mask,283273.9003514499,292.0466330673108,2.2829538609443494e-27,0.9989700927203249,0.0010299072796750755,8.050874532790778e-33
REAL_039_0069_(5),C:\Users\Vedha\feb hack\Feb-2026-Hackathon\dataset\test\REAL\0069 (5).jpg,REAL,original,244848.765625,3738.06396484375,354.624267578125,0.9835596355327549,0.01501583567911787,0.001424528788127154
REAL_039_0069_(5),C:\Users\Vedha\feb hack\Feb-2026-Hackathon\dataset\test\REAL\0069 (5).jpg,REAL,suppress_high,244849.0866897716,3655.2961833612435,213.43359579038662,0.9844453049882939,0.014696559479557692,0.0008581355321485573
REAL_039_0069_(5),C:\Users\Vedha\feb hack\Feb-2026-Hackathon\dataset\test\REAL\0069 (5).jpg,REAL,remove_checkerboard,232028.9933815551,1379.7886590855323,207.39637837147916,0.993206014034652,0.005906220487053574,0.0008877654782944641
REAL_039_0069_(5),C:\Users\Vedha\feb hack\Feb-2026-Hackathon\dataset\test\REAL\0069 (5).jpg,REAL,low_pass,232028.99338155516,287.014584590636,2.1187461613157022e-27,0.9987645509790594,0.00123544902094074,9.12010403357334e-33
REAL_039_0069_(5),C:\Users\Vedha\feb hack\Feb-2026-Hackathon\dataset\test\REAL\0069 (5).jpg,REAL,slight_mask,232028.99338155516,287.014584590636,2.1187461613157022e-27,0.9987645509790594,0.00123544902094074,9.12010403357334e-33
REAL_040_0967_(8),C:\Users\Vedha\feb hack\Feb-2026-Hackathon\dataset\test\REAL\0967 (8).jpg,REAL,original,371633.03125,4043.134765625,327.7235107421875,0.9883754971740507,0.010752906760400615,0.0008715960655486942
REAL_040_0967_(8),C:\Users\Vedha\feb hack\Feb-2026-Hackathon\dataset\test\REAL\0967 (8).jpg,REAL,suppress_high,371628.2681138751,3959.041711282791,181.98791338461024,0.9889798617141182,0.010535830721427013,0.0004843075644547098
REAL_040_0967_(8),C:\Users\Vedha\feb hack\Feb-2026-Hackathon\dataset\test\REAL\0967 (8).jpg,REAL,remove_checkerboard,356477.62779774424,1699.7414218196611,173.65913985117555,0.994772163567529,0.00474323020531386,0.0004846062271572464
REAL_040_0967_(8),C:\Users\Vedha\feb hack\Feb-2026-Hackathon\dataset\test\REAL\0967 (8).jpg,REAL,low_pass,356477.62779774424,448.003759756907,2.8171602131850036e-27,0.9987448260361634,0.00125517396383659,7.892849277570462e-33
REAL_040_0967_(8),C:\Users\Vedha\feb hack\Feb-2026-Hackathon\dataset\test\REAL\0967 (8).jpg,REAL,slight_mask,356477.62779774424,448.003759756907,2.8171602131850036e-27,0.9987448260361634,0.00125517396383659,7.892849277570462e-33
REAL_041_0591_(9),C:\Users\Vedha\feb hack\Feb-2026-Hackathon\dataset\test\REAL\0591 (9).jpg,REAL,original,289595.09375,1446.13623046875,92.98172760009766,0.9947133730898924,0.004967249372666805,0.000319377537440821
REAL_041_0591_(9),C:\Users\Vedha\feb hack\Feb-2026-Hackathon\dataset\test\REAL\0591 (9).jpg,REAL,suppress_high,289595.085612967,1417.2383914868597,51.94180529870419,0.9949523855403607,0.004869159694145362,0.00017845476549379903
REAL_041_0591_(9),C:\Users\Vedha\feb hack\Feb-2026-Hackathon\dataset\test\REAL\0591 (9).jpg,REAL,remove_checkerboard,277942.2850217094,596.7115176548075,50.35281510903499,0.9976773543774622,0.0021419035545955493,0.00018074206794232742
REAL_041_0591_(9),C:\Users\Vedha\feb hack\Feb-2026-Hackathon\dataset\test\REAL\0591 (9).jpg,REAL,low_pass,277942.28502170945,118.23817155141869,2.8384650508772985e-27,0.9995747754115054,0.0004252245884944962,1.0208083543396325e-32
REAL_041_0591_(9),C:\Users\Vedha\feb hack\Feb-2026-Hackathon\dataset\test\REAL\0591 (9).jpg,REAL,slight_mask,277942.28502170945,118.23817155141869,2.8384650508772985e-27,0.9995747754115054,0.0004252245884944962,1.0208083543396325e-32
REAL_042_0490_(9),C:\Users\Vedha\feb hack\Feb-2026-Hackathon\dataset\test\REAL\0490 (9).jpg,REAL,original,401559.6875,2887.896484375,233.86569213867188,0.992285877746536,0.0071362215557038014,0.0005779006977602132
REAL_042_0490_(9),C:\Users\Vedha\feb hack\Feb-2026-Hackathon\dataset\test\REAL\0490 (9).jpg,REAL,suppress_high,401558.5766127762,2834.3900616825736,128.5527063367324,0.9926754384474905,0.007006772015543694,0.00031778953696581856
REAL_042_0490_(9),C:\Users\Vedha\feb hack\Feb-2026-Hackathon\dataset\test\REAL\0490 (9).jpg,REAL,remove_checkerboard,384074.63242321974,1207.9224741050389,124.50994703684707,0.9965427919135837,0.0031341472024983053,0.00032306088391796276
REAL_042_0490_(9),C:\Users\Vedha\feb hack\Feb-2026-Hackathon\dataset\test\REAL\0490 (9).jpg,REAL,low_pass,384074.13444758224,206.8531504632726,2.5805360636720737e-27,0.9994617138054209,0.0005382861945791582,6.715232204959595e-33
REAL_042_0490_(9),C:\Users\Vedha\feb hack\Feb-2026-Hackathon\dataset\test\REAL\0490 (9).jpg,REAL,slight_mask,384074.13444758224,206.8531504632726,2.5805360636720737e-27,0.9994617138054209,0.0005382861945791582,6.715232204959595e-33
REAL_043_0155_(5),C:\Users\Vedha\feb hack\Feb-2026-Hackathon\dataset\test\REAL\0155 (5).jpg,REAL,original,347169.15625,939.7174072265625,69.23092651367188,0.9971022062546223,0.0026989560654597433,0.00019883767991798335
REAL_043_0155_(5),C:\Users\Vedha\feb hack\Feb-2026-Hackathon\dataset\test\REAL\0155 (5).jpg,REAL,suppress_high,347169.1335672747,922.0188167371489,37.97099388838538,0.9972424317698251,0.0026484966491478546,0.00010907158102704093
REAL_043_0155_(5),C:\Users\Vedha\feb hack\Feb-2026-Hackathon\dataset\test\REAL\0155 (5).jpg,REAL,remove_checkerboard,335180.12066123495,385.1928631246767,35.81418284871924,0.9987455136135874,0.001147769871204766,0.00010671651520779438
REAL_043_0155_(5),C:\Users\Vedha\feb hack\Feb-2026-Hackathon\dataset\test\REAL\0155 (5).jpg,REAL,low_pass,335180.12066123495,91.92658840420542,3.447341325178661e-27,0.9997258149339966,0.00027418506600330474,1.0282221120008302e-32
REAL_043_0155_(5),C:\Users\Vedha\feb hack\Feb-2026-Hackathon\dataset\test\REAL\0155 (5).jpg,REAL,slight_mask,335180.12066123495,91.92658840420542,3.447341325178661e-27,0.9997258149339966,0.00027418506600330474,1.0282221120008302e-32
REAL_044_0572_(9),C:\Users\Vedha\feb hack\Feb-2026-Hackathon\dataset\test\REAL\0572 (9).jpg,REAL,original,271934.0625,3940.501953125,280.227783203125,0.9847160728150026,0.014269178243167303,0.0010147489418300998
REAL_044_0572_(9),C:\Users\Vedha\feb hack\Feb-2026-Hackathon\dataset\test\REAL\0572 (9).jpg,REAL,suppress_high,271926.849254159,3882.260866306325,162.55090005485908,0.9853433799999471,0.014067606985260907,0.0005890130147920239
REAL_044_0572_(9),C:\Users\Vedha\feb hack\Feb-2026-Hackathon\dataset\test\REAL\0572 (9).jpg,REAL,remove_checkerboard,259772.57661167724,1460.7059791716074,156.74800718539655,0.9938121052946952,0.005588223758303475,0.0005996709470012027
REAL_044_0572_(9),C:\Users\Vedha\feb hack\Feb-2026-Hackathon\dataset\test\REAL\0572 (9).jpg,REAL,low_pass,259772.57661167727,423.48409569581383,2.446733542966676e-27,0.9983724423246666,0.0016275576753334519,9.403422697157474e-33
REAL_044_0572_(9),C:\Users\Vedha\feb hack\Feb-2026-Hackathon\dataset\test\REAL\0572 (9).jpg,REAL,slight_mask,259772.57661167727,423.48409569581383,2.446733542966676e-27,0.9983724423246666,0.0016275576753334519,9.403422697157474e-33
REAL_045_0046_(7),C:\Users\Vedha\feb hack\Feb-2026-Hackathon\dataset\test\REAL\0046 (7).jpg,REAL,original,298636.5,5130.02001953125,412.95843505859375,0.9817772767487425,0.016865108867944546,0.0013576143833129862
REAL_045_0046_(7),C:\Users\Vedha\feb hack\Feb-2026-Hackathon\dataset\test\REAL\0046 (7).jpg,REAL,suppress_high,298639.07344728964,5011.085587206911,217.6741218923466,0.9827926514801313,0.01649100378659659,0.0007163447332719755
REAL_045_0046_(7),C:\Users\Vedha\feb hack\Feb-2026-Hackathon\dataset\test\REAL\0046 (7).jpg,REAL,remove_checkerboard,285379.9927709734,2069.574786701904,195.10401619846593,0.9921268181659373,0.0071949004839131515,0.0006782813501496019
REAL_045_0046_(7),C:\Users\Vedha\feb hack\Feb-2026-Hackathon\dataset\test\REAL\0046 (7).jpg,REAL,low_pass,285380.1432814554,677.5897909333116,0.09814031634397544,0.9976309408192859,0.0023687161021278733,3.430785863401198e-07
REAL_045_0046_(7),C:\Users\Vedha\feb hack\Feb-2026-Hackathon\dataset\test\REAL\0046 (7).jpg,REAL,slight_mask,285380.1432814554,677.5897909333116,0.09814031634397544,0.9976309408192859,0.0023687161021278733,3.430785863401198e-07
REAL_046_0798_(5),C:\Users\Vedha\feb hack\Feb-2026-Hackathon\dataset\test\REAL\0798 (5).jpg,REAL,original,158585.09375,3919.240966796875,352.78204345703125,0.973768275558121,0.024065518564758144,0.0021662058771209284
REAL_046_0798_(5),C:\Users\Vedha\feb hack\Feb-2026-Hackathon\dataset\test\REAL\0798 (5).jpg,REAL,suppress_high,158571.123871281,3824.700635203215,200.352727075485,0.9752450922846916,0.023522697152401444,0.0012322105629069635
REAL_046_0798_(5),C:\Users\Vedha\feb hack\Feb-2026-Hackathon\dataset\test\REAL\0798 (5).jpg,REAL,remove_checkerboard,147611.45879601268,1647.1881755629154,194.18777721662963,0.9876792169524611,0.011021458230160647,0.0012993248173782058
REAL_046_0798_(5),C:\Users\Vedha\feb hack\Feb-2026-Hackathon\dataset\test\REAL\0798 (5).jpg,REAL,low_pass,147611.46743892433,303.6091945366327,0.00963627488238362,0.9979473437195051,0.002052591133151728,6.514734315072531e-08
REAL_046_0798_(5),C:\Users\Vedha\feb hack\Feb-2026-Hackathon\dataset\test\REAL\0798 (5).jpg,REAL,slight_mask,147611.46743892433,303.6091945366327,0.00963627488238362,0.9979473437195051,0.002052591133151728,6.514734315072531e-08
REAL_047_0677_(3),C:\Users\Vedha\feb hack\Feb-2026-Hackathon\dataset\test\REAL\0677 (3).jpg,REAL,original,287111.25,793.1197509765625,59.235328674316406,0.997040059699853,0.0027542360804838,0.0002057042196632171
REAL_047_0677_(3),C:\Users\Vedha\feb hack\Feb-2026-Hackathon\dataset\test\REAL\0677 (3).jpg,REAL,suppress_high,287111.39487444883,779.9120204098531,32.04650036249994,0.997179949069092,0.002708748738902392,0.0001113021920056306
REAL_047_0677_(3),C:\Users\Vedha\feb hack\Feb-2026-Hackathon\dataset\test\REAL\0677 (3).jpg,REAL,remove_checkerboard,277262.3555735295,337.60641437335767,30.401813713812384,0.9986744669313253,0.0012160284262516666,0.0001095046424228161
REAL_047_0677_(3),C:\Users\Vedha\feb hack\Feb-2026-Hackathon\dataset\test\REAL\0677 (3).jpg,REAL,low_pass,277262.3555735295,70.01701099035921,2.2704091830877052e-27,0.9997475339415379,0.00025246605846211055,8.186599933968311e-33
REAL_047_0677_(3),C:\Users\Vedha\feb hack\Feb-2026-Hackathon\dataset\test\REAL\0677 (3).jpg,REAL,slight_mask,277262.3555735295,70.01701099035921,2.2704091830877052e-27,0.9997475339415379,0.00025246605846211055,8.186599933968311e-33
