sample_id,class_name,stage,p_fake,pred,base_pred,flip,mad,hf_ratio,contrast_std,hf_drop,contrast_drop
FAKE_000_661_(3),FAKE,original,0.46554282307624817,0,0,0,0.0,0.0009444613824598491,0.11116334795951843,0.0,0.0
FAKE_000_661_(3),FAKE,A_blur,0.48155227303504944,0,0,0,0.0010340074077248573,0.0007514337776228786,0.10937198251485825,0.00019302760483697057,0.0017913654446601868
FAKE_000_661_(3),FAKE,A_blur_freq,0.488930881023407,0,0,0,0.00290798582136631,0.0006240882794372737,0.10927271842956543,0.0003203731030225754,0.001890629529953003
FAKE_000_661_(3),FAKE,B_noise,0.505120575428009,1,0,1,0.0065372237004339695,0.001033781678415835,0.11130508780479431,-8.932029595598578e-05,-0.0001417398452758789
FAKE_000_661_(3),FAKE,B_noise_brightness,0.4456522464752197,0,0,0,0.013785487972199917,0.0010784696787595749,0.11595194041728973,-0.00013400829629972577,-0.004788592457771301
FAKE_001_52_(5),FAKE,original,0.516917884349823,1,1,0,0.0,0.003116034669801593,0.1865813434123993,0.0,0.0
FAKE_001_52_(5),FAKE,A_blur,0.4995756447315216,0,1,1,0.001519097131676972,0.0024708444252610207,0.18541394174098969,0.0006451902445405722,0.001167401671409607
FAKE_001_52_(5),FAKE,A_blur_freq,0.49323391914367676,0,1,1,0.0033624388743191957,0.002190863713622093,0.18528610467910767,0.0009251709561794996,0.001295238733291626
FAKE_001_52_(5),FAKE,B_noise,0.4812546968460083,0,1,1,0.006432546768337488,0.0033189188688993454,0.18681037425994873,-0.00020288419909775257,-0.00022903084754943848
FAKE_001_52_(5),FAKE,B_noise_brightness,0.5047876834869385,1,1,0,0.010522621683776379,0.0034758825786411762,0.19402161240577698,-0.0003598479088395834,-0.0074402689933776855
FAKE_002_254_(2),FAKE,original,0.4601036012172699,0,0,0,0.0,0.0022905415389686823,0.2979249060153961,0.0,0.0
FAKE_002_254_(2),FAKE,A_blur,0.4168877601623535,0,0,0,0.004900684580206871,0.0017944915452972054,0.29444363713264465,0.0004960499936714768,0.003481268882751465
FAKE_002_254_(2),FAKE,A_blur_freq,0.4204326570034027,0,0,0,0.006354677025228739,0.0015853815712034702,0.29431843757629395,0.0007051599677652121,0.003606468439102173
FAKE_002_254_(2),FAKE,B_noise,0.47381335496902466,0,0,0,0.006357230246067047,0.0024056704714894295,0.2977081835269928,-0.00011512893252074718,0.0002167224884033203
FAKE_002_254_(2),FAKE,B_noise_brightness,0.4378455877304077,0,0,0,0.013831443153321743,0.0023887360002845526,0.30932459235191345,-9.819446131587029e-05,-0.011399686336517334
FAKE_003_525_(3),FAKE,original,0.707910418510437,1,1,0,0.0,0.001448095659725368,0.15667204558849335,0.0,0.0
FAKE_003_525_(3),FAKE,A_blur,0.711661696434021,1,1,0,0.001183363958261907,0.0012744322884827852,0.15506292879581451,0.0001736633712425828,0.001609116792678833
FAKE_003_525_(3),FAKE,A_blur_freq,0.7085771560668945,1,1,0,0.003058619098737836,0.0010501506039872766,0.1549660712480545,0.00039794505573809147,0.0017059743404388428
FAKE_003_525_(3),FAKE,B_noise,0.7063485383987427,1,1,0,0.0065244585275650024,0.001629129284992814,0.15680666267871857,-0.00018103362526744604,-0.00013461709022521973
FAKE_003_525_(3),FAKE,B_noise_brightness,0.7189379930496216,1,1,0,0.011072814464569092,0.0016524679958820343,0.1630851924419403,-0.00020437233615666628,-0.0064131468534469604
FAKE_004_505_(2),FAKE,original,0.3239254355430603,0,0,0,0.0,0.0015587143134325743,0.24333348870277405,0.0,0.0
FAKE_004_505_(2),FAKE,A_blur,0.307181179523468,0,0,0,0.0031862743198871613,0.0012775646755471826,0.24027779698371887,0.0002811496378853917,0.0030556917190551758
FAKE_004_505_(2),FAKE,A_blur_freq,0.3061498701572418,0,0,0,0.004784518387168646,0.001108748372644186,0.24011802673339844,0.00044996594078838825,0.0032154619693756104
FAKE_004_505_(2),FAKE,B_noise,0.3298727869987488,0,0,0,0.006438929587602615,0.0016549594001844525,0.24308766424655914,-9.624508675187826e-05,0.0002458244562149048
FAKE_004_505_(2),FAKE,B_noise_brightness,0.3021850883960724,0,0,0,0.01475439127534628,0.0016774486284703016,0.25321516394615173,-0.00011873431503772736,-0.009881675243377686
FAKE_005_67_(10),FAKE,original,0.39839035272598267,0,0,0,0.0,0.002393652917817235,0.23548293113708496,0.0,0.0
FAKE_005_67_(10),FAKE,A_blur,0.39132368564605713,0,0,0,0.003941993694752455,0.001966851530596614,0.23247180879116058,0.0004268013872206211,0.0030111223459243774
FAKE_005_67_(10),FAKE,A_blur_freq,0.388088196516037,0,0,0,0.005416411906480789,0.0017220682930201292,0.23231346905231476,0.0006715846247971058,0.0031694620847702026
FAKE_005_67_(10),FAKE,B_noise,0.4039624333381653,0,0,0,0.0063508483581244946,0.0025434347335249186,0.23539964854717255,-0.00014978181570768356,8.328258991241455e-05
FAKE_005_67_(10),FAKE,B_noise_brightness,0.41318702697753906,0,0,0,0.013942503370344639,0.00253930501639843,0.2445821464061737,-0.00014565209858119488,-0.009099215269088745
FAKE_006_15_(7),FAKE,original,0.6768020391464233,1,1,0,0.0,0.005864680744707584,0.2818952202796936,0.0,0.0
FAKE_006_15_(7),FAKE,A_blur,0.6231855154037476,1,1,0,0.006321487482637167,0.00449905963614583,0.27682167291641235,0.0013656211085617542,0.00507354736328125
FAKE_006_15_(7),FAKE,A_blur_freq,0.6186225414276123,1,1,0,0.00760314567014575,0.004131418652832508,0.2765313982963562,0.0017332620918750763,0.005363821983337402
FAKE_006_15_(7),FAKE,B_noise,0.6665570139884949,1,1,0,0.006070006173104048,0.005970885511487722,0.2813704311847687,-0.00010620476678013802,0.0005247890949249268
FAKE_006_15_(7),FAKE,B_noise_brightness,0.6983811259269714,1,1,0,0.010744740255177021,0.005988629534840584,0.2908090353012085,-0.00012394879013299942,-0.008913815021514893
FAKE_007_567_(3),FAKE,original,0.518992006778717,1,1,0,0.0,0.0008286825614050031,0.1363970786333084,0.0,0.0
FAKE_007_567_(3),FAKE,A_blur,0.5141453146934509,1,1,0,0.0017910028109326959,0.0006796825909987092,0.13446789979934692,0.00014899997040629387,0.0019291788339614868
FAKE_007_567_(3),FAKE,A_blur_freq,0.516581118106842,1,1,0,0.0035947717260569334,0.0005598045536316931,0.1343652456998825,0.00026887800777330995,0.0020318329334259033
FAKE_007_567_(3),FAKE,B_noise,0.5173896551132202,1,1,0,0.00641595246270299,0.0009267134591937065,0.1367383599281311,-9.803089778870344e-05,-0.00034128129482269287
FAKE_007_567_(3),FAKE,B_noise_brightness,0.5351400375366211,1,1,0,0.015576492063701153,0.0009483991307206452,0.14220908284187317,-0.00011971656931564212,-0.005812004208564758
FAKE_008_671_(4),FAKE,original,0.5517562627792358,1,1,0,0.0,0.003410469274967909,0.21912579238414764,0.0,0.0
FAKE_008_671_(4),FAKE,A_blur,0.5462578535079956,1,1,0,0.004653032869100571,0.002437849063426256,0.21517899632453918,0.0009726202115416527,0.0039467960596084595
FAKE_008_671_(4),FAKE,A_blur_freq,0.5498978495597839,1,1,0,0.006303615402430296,0.0022149605210870504,0.21504098176956177,0.0011955087538808584,0.0040848106145858765
FAKE_008_671_(4),FAKE,B_noise,0.5535336136817932,1,1,0,0.006428717169910669,0.0035171823110431433,0.21908330917358398,-0.00010671303607523441,4.248321056365967e-05
FAKE_008_671_(4),FAKE,B_noise_brightness,0.5543097853660583,1,1,0,0.014160794205963612,0.0035429263953119516,0.22722309827804565,-0.00013245712034404278,-0.00809730589389801
FAKE_009_137,FAKE,original,0.5061548948287964,1,1,0,0.0,0.0052245547994971275,0.0985759049654007,0.0,0.0
FAKE_009_137,FAKE,A_blur,0.49454084038734436,0,1,1,0.0006918913568370044,0.004637809004634619,0.09749025851488113,0.0005867457948625088,0.0010856464505195618
FAKE_009_137,FAKE,A_blur_freq,0.4964854419231415,0,1,1,0.00248927716165781,0.003766418667510152,0.09731324017047882,0.0014581361319869757,0.001262664794921875
FAKE_009_137,FAKE,B_noise,0.5261192321777344,1,1,0,0.006138939876109362,0.0058198352344334126,0.09819728881120682,-0.000595280434936285,0.0003786161541938782
FAKE_009_137,FAKE,B_noise_brightness,0.4896780848503113,0,1,1,0.007082311902195215,0.0062890732660889626,0.10217120498418808,-0.001064518466591835,-0.003595300018787384
FAKE_010_346_(10),FAKE,original,0.42761680483818054,0,0,0,0.0,0.00164721196051687,0.2234327495098114,0.0,0.0
FAKE_010_346_(10),FAKE,A_blur,0.428731232881546,0,0,0,0.0031594671308994293,0.0013820059830322862,0.22083884477615356,0.00026520597748458385,0.002593904733657837
FAKE_010_346_(10),FAKE,A_blur_freq,0.4279705584049225,0,0,0,0.004770475905388594,0.001194535638205707,0.2206992357969284,0.00045267632231116295,0.0027335137128829956
FAKE_010_346_(10),FAKE,B_noise,0.42393025755882263,0,0,0,0.006470842752605677,0.0017304953653365374,0.223408043384552,-8.328340481966734e-05,2.4706125259399414e-05
FAKE_010_346_(10),FAKE,B_noise_brightness,0.4251030683517456,0,0,0,0.01524969283491373,0.001802569953724742,0.2322445809841156,-0.00015535799320787191,-0.0088118314743042
FAKE_011_772_(8),FAKE,original,0.6341858506202698,1,1,0,0.0,0.0022222460247576237,0.2505960166454315,0.0,0.0
FAKE_011_772_(8),FAKE,A_blur,0.6026374101638794,1,1,0,0.0030713847372680902,0.001793418894521892,0.24764853715896606,0.0004288271302357316,0.002947479486465454
FAKE_011_772_(8),FAKE,A_blur_freq,0.602903425693512,1,1,0,0.004707925021648407,0.0015951859531924129,0.24755384027957916,0.0006270600715652108,0.003042176365852356
FAKE_011_772_(8),FAKE,B_noise,0.625066339969635,1,1,0,0.006609987933188677,0.0023071498144418,0.2506851851940155,-8.490378968417645e-05,-8.916854858398438e-05
FAKE_011_772_(8),FAKE,B_noise_brightness,0.6354084014892578,1,1,0,0.013301674276590347,0.002373375231400132,0.2599044442176819,-0.0001511292066425085,-0.009308427572250366
FAKE_012_573_(3),FAKE,original,0.4468716084957123,0,0,0,0.0,0.0009147342061623931,0.20494474470615387,0.0,0.0
FAKE_012_573_(3),FAKE,A_blur,0.4322214126586914,0,0,0,0.0013761232839897275,0.0007759183063171804,0.2033614218235016,0.0001388158998452127,0.0015833228826522827
FAKE_012_573_(3),FAKE,A_blur_freq,0.426970899105072,0,0,0,0.0031811681110411882,0.0006143500795587897,0.2032747119665146,0.00030038412660360336,0.0016700327396392822
FAKE_012_573_(3),FAKE,B_noise,0.45185476541519165,0,0,0,0.006479779724031687,0.0010935966856777668,0.20501090586185455,-0.0001788624795153737,-6.61611557006836e-05
FAKE_012_573_(3),FAKE,B_noise_brightness,0.4401824176311493,0,0,0,0.012290645390748978,0.001029219594784081,0.21339207887649536,-0.00011448538862168789,-0.008447334170341492
FAKE_013_607_(4),FAKE,original,0.5524167418479919,1,1,0,0.0,0.0033999066799879074,0.20752090215682983,0.0,0.0
FAKE_013_607_(4),FAKE,A_blur,0.5598711967468262,1,1,0,0.00413858238607645,0.0025115376338362694,0.20356406271457672,0.000888369046151638,0.003956839442253113
FAKE_013_607_(4),FAKE,A_blur_freq,0.5604037046432495,1,1,0,0.005841503385454416,0.002256125910207629,0.2033979743719101,0.0011437807697802782,0.004122927784919739
FAKE_013_607_(4),FAKE,B_noise,0.5577018857002258,1,1,0,0.00653084134683013,0.0035895986948162317,0.20751574635505676,-0.00018969201482832432,5.155801773071289e-06
FAKE_013_607_(4),FAKE,B_noise_brightness,0.5400558710098267,1,1,0,0.013781659305095673,0.003563077887520194,0.21542367339134216,-0.00016317120753228664,-0.007902771234512329
FAKE_014_458,FAKE,original,0.7400428652763367,1,1,0,0.0,0.0012022660812363029,0.2351381778717041,0.0,0.0
FAKE_014_458,FAKE,A_blur,0.7201181650161743,1,1,0,0.004663245286792517,0.0009473470272496343,0.22984805703163147,0.0002549190539866686,0.005290120840072632
FAKE_014_458,FAKE,A_blur_freq,0.7239087224006653,1,1,0,0.006232127547264099,0.0008543071453459561,0.2297690212726593,0.00034795893589034677,0.0053691565990448
FAKE_014_458,FAKE,B_noise,0.7637147903442383,1,1,0,0.006465736776590347,0.0012422753497958183,0.23534637689590454,-4.0009268559515476e-05,-0.00020819902420043945
FAKE_014_458,FAKE,B_noise_brightness,0.7139742374420166,1,1,0,0.02261284552514553,0.001262631849385798,0.2431684136390686,-6.0365768149495125e-05,-0.008030235767364502
FAKE_015_641_(4),FAKE,original,0.525158166885376,1,1,0,0.0,0.003022041404619813,0.2724158465862274,0.0,0.0
FAKE_015_641_(4),FAKE,A_blur,0.5088635683059692,1,1,0,0.004849622026085854,0.0024124993942677975,0.26826930046081543,0.0006095420103520155,0.004146546125411987
FAKE_015_641_(4),FAKE,A_blur_freq,0.514150083065033,1,1,0,0.006354677025228739,0.002141678938642144,0.2681125998497009,0.0008803624659776688,0.004303246736526489
FAKE_015_641_(4),FAKE,B_noise,0.5344292521476746,1,1,0,0.006193831562995911,0.0031594960018992424,0.27238139510154724,-0.00013745459727942944,3.445148468017578e-05
FAKE_015_641_(4),FAKE,B_noise_brightness,0.521155595779419,1,1,0,0.012719566933810711,0.003192878095433116,0.282851904630661,-0.000170836690813303,-0.010436058044433594
FAKE_016_150_(3),FAKE,original,0.4695988595485687,0,0,0,0.0,0.00015158344467636198,0.10612839460372925,0.0,0.0
FAKE_016_150_(3),FAKE,A_blur,0.4528823792934418,0,0,0,0.0002999897697009146,0.00013982046220917255,0.10560163110494614,1.1762982467189431e-05,0.0005267634987831116
FAKE_016_150_(3),FAKE,A_blur_freq,0.45500218868255615,0,0,0,0.0022173712495714426,9.225783287547529e-05,0.10554595291614532,5.932561180088669e-05,0.0005824416875839233
FAKE_016_150_(3),FAKE,B_noise,0.4844638407230377,0,0,0,0.006682751700282097,0.00024468364426866174,0.10656822472810745,-9.310019959229976e-05,-0.00043983012437820435
FAKE_016_150_(3),FAKE,B_noise_brightness,0.48287856578826904,0,0,0,0.01716962829232216,0.00023923070693854243,0.11066697537899017,-8.764726226218045e-05,-0.004538580775260925
FAKE_017_993_(10),FAKE,original,0.43237054347991943,0,0,0,0.0,0.0022338791750371456,0.23907434940338135,0.0,0.0
FAKE_017_993_(10),FAKE,A_blur,0.4134313464164734,0,0,0,0.00373646873049438,0.001847037929110229,0.2363891899585724,0.0003868412459269166,0.00268515944480896
FAKE_017_993_(10),FAKE,A_blur_freq,0.41980549693107605,0,0,0,0.005290032830089331,0.0016227501910179853,0.23624113202095032,0.0006111289840191603,0.0028332173824310303
FAKE_017_993_(10),FAKE,B_noise,0.43902045488357544,0,0,0,0.006429994013160467,0.0023328636307269335,0.2389826476573944,-9.898445568978786e-05,9.170174598693848e-05
FAKE_017_993_(10),FAKE,B_noise_brightness,0.39665135741233826,0,0,0,0.015113101340830326,0.002323954598978162,0.24838444590568542,-9.00754239410162e-05,-0.009310096502304077
FAKE_018_733_(2),FAKE,original,0.4898856580257416,0,0,0,0.0,0.0021194922737777233,0.23958706855773926,0.0,0.0
FAKE_018_733_(2),FAKE,A_blur,0.44856229424476624,0,0,0,0.0017182393930852413,0.0018643272342160344,0.23818325996398926,0.0002551650395616889,0.00140380859375
FAKE_018_733_(2),FAKE,A_blur_freq,0.44899433851242065,0,0,0,0.0035041358787566423,0.0016310978680849075,0.23806333541870117,0.0004883944056928158,0.001523733139038086
FAKE_018_733_(2),FAKE,B_noise,0.4633459448814392,0,0,0,0.006324039772152901,0.0022267664317041636,0.2394341081380844,-0.00010727415792644024,0.0001529604196548462
FAKE_018_733_(2),FAKE,B_noise_brightness,0.49181070923805237,0,0,0,0.012651910074055195,0.0022398505825549364,0.24892263114452362,-0.0001203583087772131,-0.009335562586784363
FAKE_019_832_(9),FAKE,original,0.39764711260795593,0,0,0,0.0,0.0038927949499338865,0.23737557232379913,0.0,0.0
FAKE_019_832_(9),FAKE,A_blur,0.38969886302948,0,0,0,0.005615553352981806,0.0032061045058071613,0.2304285317659378,0.0006866904441267252,0.006947040557861328
FAKE_019_832_(9),FAKE,A_blur_freq,0.39040660858154297,0,0,0,0.007107842713594437,0.002882609376683831,0.23029965162277222,0.0010101855732500553,0.0070759207010269165
FAKE_019_832_(9),FAKE,B_noise,0.38648998737335205,0,0,0,0.006465736776590347,0.003922656644135714,0.23742656409740448,-2.986169420182705e-05,-5.099177360534668e-05
FAKE_019_832_(9),FAKE,B_noise_brightness,0.39651045203208923,0,0,0,0.013194444589316845,0.004044171888381243,0.24449533224105835,-0.00015137693844735622,-0.007119759917259216
FAKE_020_99_(7),FAKE,original,0.525476336479187,1,1,0,0.0,0.007325442507863045,0.23655644059181213,0.0,0.0
FAKE_020_99_(7),FAKE,A_blur,0.523247241973877,1,1,0,0.005767463240772486,0.005402100272476673,0.2310706526041031,0.0019233422353863716,0.005485787987709045
FAKE_020_99_(7),FAKE,A_blur_freq,0.5243786573410034,1,1,0,0.007419321686029434,0.004956369753926992,0.23073536157608032,0.0023690727539360523,0.0058210790157318115
FAKE_020_99_(7),FAKE,B_noise,0.5201122164726257,1,1,0,0.006433823611587286,0.007422804832458496,0.23651130497455597,-9.736232459545135e-05,4.513561725616455e-05
FAKE_020_99_(7),FAKE,B_noise_brightness,0.5449325442314148,1,1,0,0.013499540276825428,0.007547961547970772,0.24499648809432983,-0.00022251904010772705,-0.0084400475025177
FAKE_021_30,FAKE,original,0.46189966797828674,0,0,0,0.0,0.0012139765312895179,0.16913345456123352,0.0,0.0
FAKE_021_30,FAKE,A_blur,0.46076908707618713,0,0,0,0.001630157232284546,0.0009583533392287791,0.16741058230400085,0.0002556231920607388,0.001722872257232666
FAKE_021_30,FAKE,A_blur_freq,0.461658239364624,0,0,0,0.00345435063354671,0.0008229389204643667,0.1673406958580017,0.0003910376108251512,0.0017927587032318115
FAKE_021_30,FAKE,B_noise,0.4626171886920929,0,0,0,0.006561478599905968,0.0012788159074261785,0.16907230019569397,-6.483937613666058e-05,6.115436553955078e-05
FAKE_021_30,FAKE,B_noise_brightness,0.4611305594444275,0,0,0,0.014433976262807846,0.0013200793182477355,0.17553265392780304,-0.00010610278695821762,-0.006399199366569519
FAKE_022_516_(10),FAKE,original,0.5109494924545288,1,1,0,0.0,0.0016758700367063284,0.21910060942173004,0.0,0.0
FAKE_022_516_(10),FAKE,A_blur,0.5044732093811035,1,1,0,0.002385876141488552,0.0014433191390708089,0.21710917353630066,0.0002325508976355195,0.0019914358854293823
FAKE_022_516_(10),FAKE,A_blur_freq,0.5013355612754822,1,1,0,0.004055606666952372,0.0012460823636502028,0.21695895493030548,0.00042978767305612564,0.0021416544914245605
FAKE_022_516_(10),FAKE,B_noise,0.4753398001194,0,1,1,0.006578074302524328,0.0017573871882632375,0.21933723986148834,-8.151715155690908e-05,-0.00023663043975830078
FAKE_022_516_(10),FAKE,B_noise_brightness,0.512677788734436,1,1,0,0.015391390770673752,0.0017973218346014619,0.22791315615177155,-0.0001214517978951335,-0.008812546730041504
FAKE_023_952_(6),FAKE,original,0.43007692694664,0,0,0,0.0,0.0018993470584973693,0.1965453177690506,0.0,0.0
FAKE_023_952_(6),FAKE,A_blur,0.43018725514411926,0,0,0,0.0028875612188130617,0.00148703099694103,0.19326584041118622,0.00041231606155633926,0.00327947735786438
FAKE_023_952_(6),FAKE,A_blur_freq,0.4348384737968445,0,0,0,0.004627502057701349,0.0012378743849694729,0.19322198629379272,0.0006614726735278964,0.0033233314752578735
FAKE_023_952_(6),FAKE,B_noise,0.432555228471756,0,0,0,0.006396804004907608,0.0020554005168378353,0.19680649042129517,-0.00015605345834046602,-0.00026117265224456787
FAKE_023_952_(6),FAKE,B_noise_brightness,0.4352196156978607,0,0,0,0.010970690287649632,0.002093805931508541,0.2044493854045868,-0.00019445887301117182,-0.007904067635536194
REAL_024_0941_(6),REAL,original,0.49696478247642517,0,0,0,0.0,0.0009561793995089829,0.24043606221675873,0.0,0.0
REAL_024_0941_(6),REAL,A_blur,0.5036928057670593,1,0,1,0.000684231985360384,0.0009330916800536215,0.2398819625377655,2.3087719455361366e-05,0.0005540996789932251
REAL_024_0941_(6),REAL,A_blur_freq,0.5041995048522949,1,0,1,0.002457363298162818,0.0007778072031214833,0.23972481489181519,0.00017837219638749957,0.0007112473249435425
REAL_024_0941_(6),REAL,B_noise,0.4954659938812256,0,0,0,0.006228298414498568,0.0010776405688375235,0.24033108353614807,-0.00012146116932854056,0.00010497868061065674
REAL_024_0941_(6),REAL,B_noise_brightness,0.5153155326843262,1,0,1,0.01220256369560957,0.0010669869370758533,0.24904721975326538,-0.00011080753756687045,-0.008611157536506653
REAL_025_0637_(8),REAL,original,0.3603435456752777,0,0,0,0.0,0.0006342604756355286,0.2559538781642914,0.0,0.0
REAL_025_0637_(8),REAL,A_blur,0.3674965500831604,0,0,0,0.0027458639815449715,0.0005597847048193216,0.25384846329689026,7.447577081620693e-05,0.002105414867401123
REAL_025_0637_(8),REAL,A_blur_freq,0.3686385154724121,0,0,0,0.004374744836241007,0.0004584982816595584,0.25375303626060486,0.00017576219397597015,0.0022008419036865234
REAL_025_0637_(8),REAL,B_noise,0.370934396982193,0,0,0,0.006477226037532091,0.0006825046148151159,0.2562285363674164,-4.8244139179587364e-05,-0.000274658203125
REAL_025_0637_(8),REAL,B_noise_brightness,0.36600542068481445,0,0,0,0.018224060535430908,0.0007005269872024655,0.2654515206813812,-6.626651156693697e-05,-0.009497642517089844
REAL_026_0801,REAL,original,0.5425394773483276,1,1,0,0.0,0.00042132395901717246,0.16288216412067413,0.0,0.0
REAL_026_0801,REAL,A_blur,0.5470889806747437,1,1,0,0.0010097528574988246,0.0003717739600688219,0.16166633367538452,4.954999894835055e-05,0.0012158304452896118
REAL_026_0801,REAL,A_blur_freq,0.5517417788505554,1,1,0,0.002842881716787815,0.00026819008053280413,0.16159099340438843,0.00015313387848436832,0.0012911707162857056
REAL_026_0801,REAL,B_noise,0.5379652380943298,1,1,0,0.0063597834669053555,0.0004969039582647383,0.16315670311450958,-7.557999924756587e-05,-0.0002745389938354492
REAL_026_0801,REAL,B_noise_brightness,0.5000298023223877,1,1,0,0.016456035897135735,0.0004941629013046622,0.16960500180721283,-7.283894228748977e-05,-0.006722837686538696
REAL_027_0775_(5),REAL,original,0.589532732963562,1,1,0,0.0,0.0009128671954385936,0.11458543688058853,0.0,0.0
REAL_027_0775_(5),REAL,A_blur,0.5843492150306702,1,1,0,0.0006752961198799312,0.0008864150149747729,0.11322781443595886,2.6452180463820696e-05,0.0013576224446296692
REAL_027_0775_(5),REAL,A_blur_freq,0.5825127959251404,1,1,0,0.0025505514349788427,0.0007062571821734309,0.11313781142234802,0.0002066100132651627,0.001447625458240509
REAL_027_0775_(5),REAL,B_noise,0.5782455801963806,1,1,0,0.006699346471577883,0.0011619639117270708,0.11487329006195068,-0.0002490967162884772,-0.0002878531813621521
REAL_027_0775_(5),REAL,B_noise_brightness,0.5890506505966187,1,1,0,0.009968596510589123,0.0011584527092054486,0.11892823874950409,-0.000245585513766855,-0.004342801868915558
REAL_028_0496_(2),REAL,original,0.6523481011390686,1,1,0,0.0,0.0006074949051253498,0.18019676208496094,0.0,0.0
REAL_028_0496_(2),REAL,A_blur,0.6286338567733765,1,1,0,0.0013454860309138894,0.0005567513289861381,0.17906351387500763,5.0743576139211655e-05,0.001133248209953308
REAL_028_0496_(2),REAL,A_blur_freq,0.6303613781929016,1,1,0,0.0030994692351669073,0.0004490567953325808,0.178951233625412,0.00015843810979276896,0.0012455284595489502
REAL_028_0496_(2),REAL,B_noise,0.6683614253997803,1,1,0,0.006509140133857727,0.0007151029421947896,0.18050099909305573,-0.00010760803706943989,-0.0003042370080947876
REAL_028_0496_(2),REAL,B_noise_brightness,0.6645861268043518,1,1,0,0.015022466890513897,0.000718716299161315,0.18727535009384155,-0.0001112213940359652,-0.007078588008880615
REAL_029_0736_(5),REAL,original,0.44134780764579773,0,0,0,0.0,0.00477731553837657,0.13099117577075958,0.0,0.0
REAL_029_0736_(5),REAL,A_blur,0.4422314763069153,0,0,0,0.0019058926263824105,0.004276360850781202,0.12910255789756775,0.0005009546875953674,0.0018886178731918335
REAL_029_0736_(5),REAL,A_blur_freq,0.4412793815135956,0,0,0,0.003675194224342704,0.0036763418465852737,0.12892402708530426,0.001100973691791296,0.0020671486854553223
REAL_029_0736_(5),REAL,B_noise,0.4421904683113098,0,0,0,0.006415951997041702,0.005170498974621296,0.13133659958839417,-0.0003931834362447262,-0.0003454238176345825
REAL_029_0736_(5),REAL,B_noise_brightness,0.434369295835495,0,0,0,0.008676726371049881,0.0051511856727302074,0.13626495003700256,-0.0003738701343536377,-0.005273774266242981
REAL_030_0531_(7),REAL,original,0.3534254729747772,0,0,0,0.0,0.0011513765202835202,0.23399275541305542,0.0,0.0
REAL_030_0531_(7),REAL,A_blur,0.3611617088317871,0,0,0,0.00439772242680192,0.0009285124251618981,0.23060180246829987,0.00022286409512162209,0.003390952944755554
REAL_030_0531_(7),REAL,A_blur_freq,0.3611554801464081,0,0,0,0.0059334151446819305,0.0008031180477701128,0.2304951250553131,0.00034825847251340747,0.0034976303577423096
REAL_030_0531_(7),REAL,B_noise,0.35472843050956726,0,0,0,0.0064529720693826675,0.0012092001270502806,0.2340766042470932,-5.782360676676035e-05,-8.384883403778076e-05
REAL_030_0531_(7),REAL,B_noise_brightness,0.34809890389442444,0,0,0,0.01910998672246933,0.001232205075211823,0.2434927076101303,-8.082855492830276e-05,-0.00949995219707489
REAL_031_0426_(6),REAL,original,0.653465986251831,1,1,0,0.0,0.0005461989785544574,0.25980308651924133,0.0,0.0
REAL_031_0426_(6),REAL,A_blur,0.6530244946479797,1,1,0,0.0007889093249104917,0.0005127176991663873,0.2589978277683258,3.3481279388070107e-05,0.0008052587509155273
REAL_031_0426_(6),REAL,A_blur_freq,0.6531954407691956,1,1,0,0.0025952307041734457,0.00042506647878326476,0.25881248712539673,0.00012113249977119267,0.0009905993938446045
REAL_031_0426_(6),REAL,B_noise,0.6603214144706726,1,1,0,0.00634446507319808,0.000598230108153075,0.25959181785583496,-5.2031129598617554e-05,0.00021126866340637207
REAL_031_0426_(6),REAL,B_noise_brightness,0.6581308841705322,1,1,0,0.01891978085041046,0.0006152126588858664,0.2694662809371948,-6.901368033140898e-05,-0.009663194417953491
REAL_032_0630_(3),REAL,original,0.464228093624115,0,0,0,0.0,0.00046858907444402575,0.10605897009372711,0.0,0.0
REAL_032_0630_(3),REAL,A_blur,0.469602108001709,0,0,0,0.00015573938435409218,0.0004609851457644254,0.10576484352350235,7.603928679600358e-06,0.00029412657022476196
REAL_032_0630_(3),REAL,A_blur_freq,0.46772584319114685,0,0,0,0.0020501429680734873,0.00035207258770242333,0.10565046221017838,0.00011651648674160242,0.00040850788354873657
REAL_032_0630_(3),REAL,B_noise,0.45849093794822693,0,0,0,0.006437653675675392,0.0005474461358971894,0.10642942041158676,-7.885706145316362e-05,-0.00037045031785964966
REAL_032_0630_(3),REAL,B_noise_brightness,0.4414924681186676,0,0,0,0.014653544872999191,0.0005635285633616149,0.11043082922697067,-9.493948891758919e-05,-0.004371859133243561
REAL_033_0858_(2),REAL,original,0.6493738889694214,1,1,0,0.0,0.0006458685384131968,0.3180267810821533,0.0,0.0
REAL_033_0858_(2),REAL,A_blur,0.6321947574615479,1,1,0,0.004545802716165781,0.00048521169810555875,0.3146906793117523,0.00016065684030763805,0.003336101770401001
REAL_033_0858_(2),REAL,A_blur_freq,0.6317903995513916,1,1,0,0.006043198052793741,0.00042077392572537065,0.3146606385707855,0.00022509461268782616,0.003366142511367798
REAL_033_0858_(2),REAL,B_noise,0.633181631565094,1,1,0,0.006229575723409653,0.0006801828276365995,0.31796029210090637,-3.431428922340274e-05,6.648898124694824e-05
REAL_033_0858_(2),REAL,B_noise_brightness,0.6253003478050232,1,1,0,0.014439083635807037,0.0006798834074288607,0.32115018367767334,-3.401486901566386e-05,-0.0031234025955200195
REAL_034_0166_(8),REAL,original,0.7943236231803894,1,1,0,0.0,0.0008071481133811176,0.18518473207950592,0.0,0.0
REAL_034_0166_(8),REAL,A_blur,0.7468369007110596,1,1,0,0.0022122652735561132,0.0006963745690882206,0.1831110566854477,0.00011077354429289699,0.0020736753940582275
REAL_034_0166_(8),REAL,A_blur_freq,0.7484719157218933,1,1,0,0.0039075263775885105,0.0005771919386461377,0.18306823074817657,0.00022995617473497987,0.0021165013313293457
REAL_034_0166_(8),REAL,B_noise,0.7869489789009094,1,1,0,0.006447866093367338,0.0008751286077313125,0.18515127897262573,-6.798049435019493e-05,3.345310688018799e-05
REAL_034_0166_(8),REAL,B_noise_brightness,0.7716069221496582,1,1,0,0.01519735436886549,0.0008798077469691634,0.19252854585647583,-7.265963358804584e-05,-0.00734381377696991
REAL_035_0004_(3),REAL,original,0.3573008179664612,0,0,0,0.0,0.00010393894626758993,0.1078600287437439,0.0,0.0
REAL_035_0004_(3),REAL,A_blur,0.36264777183532715,0,0,0,0.00023616215912625194,0.0001001051496132277,0.1074705645442009,3.8337966543622315e-06,0.00038946419954299927
REAL_035_0004_(3),REAL,A_blur_freq,0.35768407583236694,0,0,0,0.0021765215788036585,6.673574534943327e-05,0.10742306709289551,3.7203200918156654e-05,0.00043696165084838867
REAL_035_0004_(3),REAL,B_noise,0.3656977117061615,0,0,0,0.006463183555752039,0.00015384823200292885,0.10809201002120972,-4.9909285735338926e-05,-0.0002319812774658203
REAL_035_0004_(3),REAL,B_noise_brightness,0.3820379674434662,0,0,0,0.021929889917373657,0.00015150144463405013,0.11246974021196365,-4.7562498366460204e-05,-0.004609711468219757
REAL_036_0684_(2),REAL,original,0.5065737962722778,1,1,0,0.0,0.0004786777135450393,0.3504158854484558,0.0,0.0
REAL_036_0684_(2),REAL,A_blur,0.5462960600852966,1,1,0,0.003704554634168744,0.00037505116779357195,0.34795305132865906,0.00010362654575146735,0.002462834119796753
REAL_036_0684_(2),REAL,A_blur_freq,0.5532448291778564,1,1,0,0.0052657779306173325,0.0003137424646411091,0.347957968711853,0.0001649352489039302,0.002457916736602783
REAL_036_0684_(2),REAL,B_noise,0.5123443603515625,1,1,0,0.006115961819887161,0.0005316948518157005,0.34995728731155396,-5.3017138270661235e-05,0.00045859813690185547
REAL_036_0684_(2),REAL,B_noise_brightness,0.4801374673843384,0,1,1,0.012331494130194187,0.0005139612476341426,0.35411354899406433,-3.528353408910334e-05,-0.0036976635456085205
REAL_037_0479_(5),REAL,original,0.19038674235343933,0,0,0,0.0,0.0006836734828539193,0.17170855402946472,0.0,0.0
REAL_037_0479_(5),REAL,A_blur,0.1740041822195053,0,0,0,0.00199269806034863,0.00060036382637918,0.1696571409702301,8.330965647473931e-05,0.002051413059234619
REAL_037_0479_(5),REAL,A_blur_freq,0.17519740760326385,0,0,0,0.003804125590249896,0.000513450475409627,0.16949254274368286,0.0001702230074442923,0.0022160112857818604
REAL_037_0479_(5),REAL,B_noise,0.18968340754508972,0,0,0,0.006492545362561941,0.0007375410059466958,0.17203237116336823,-5.386752309277654e-05,-0.0003238171339035034
REAL_037_0479_(5),REAL,B_noise_brightness,0.16985201835632324,0,0,0,0.023244738578796387,0.0007212030468508601,0.17863784730434418,-3.752956399694085e-05,-0.006929293274879456
REAL_038_0964,REAL,original,0.3859536647796631,0,0,0,0.0,0.0016608645673841238,0.2166890799999237,0.0,0.0
REAL_038_0964,REAL,A_blur,0.400743693113327,0,0,0,0.0026041667442768812,0.001407788135111332,0.2146626114845276,0.00025307643227279186,0.002026468515396118
REAL_038_0964,REAL,A_blur_freq,0.4014924168586731,0,0,0,0.004258578177541494,0.0012312462786212564,0.21458621323108673,0.00042961828876286745,0.002102866768836975
REAL_038_0964,REAL,B_noise,0.39211803674697876,0,0,0,0.006548713427037001,0.0017251084791496396,0.2166108340024948,-6.42439117655158e-05,7.824599742889404e-05
REAL_038_0964,REAL,B_noise_brightness,0.38909289240837097,0,0,0,0.016286253929138184,0.001786904176697135,0.22543303668498993,-0.00012603960931301117,-0.008743956685066223
REAL_039_0069_(5),REAL,original,0.3785631060600281,0,0,0,0.0,0.0014245290076360106,0.26016005873680115,0.0,0.0
REAL_039_0069_(5),REAL,A_blur,0.372916042804718,0,0,0,0.001348039135336876,0.0013679438270628452,0.25921040773391724,5.658518057316542e-05,0.0009496510028839111
REAL_039_0069_(5),REAL,A_blur_freq,0.3711044490337372,0,0,0,0.003167126327753067,0.0011431114980950952,0.25912827253341675,0.0002814175095409155,0.0010317862033843994
REAL_039_0069_(5),REAL,B_noise,0.3742937445640564,0,0,0,0.006593392696231604,0.0015090934466570616,0.2603873312473297,-8.456443902105093e-05,-0.00022727251052856445
REAL_039_0069_(5),REAL,B_noise_brightness,0.3594958484172821,0,0,0,0.014751837588846684,0.0015200095949694514,0.27047035098075867,-9.548058733344078e-05,-0.01031029224395752
REAL_040_0967_(8),REAL,original,0.4385412037372589,0,0,0,0.0,0.0008715962176211178,0.21848370134830475,0.0,0.0
REAL_040_0967_(8),REAL,A_blur,0.4200005531311035,0,0,0,0.0029628779739141464,0.0007143930997699499,0.21621863543987274,0.00015720311785116792,0.002265065908432007
REAL_040_0967_(8),REAL,A_blur_freq,0.4181242883205414,0,0,0,0.004552185535430908,0.0006117062293924391,0.21613968908786774,0.0002598899882286787,0.0023440122604370117
REAL_040_0967_(8),REAL,B_noise,0.4338850975036621,0,0,0,0.006527011748403311,0.0009432956576347351,0.21843913197517395,-7.169944001361728e-05,4.456937313079834e-05
REAL_040_0967_(8),REAL,B_noise_brightness,0.44591087102890015,0,0,0,0.01852915622293949,0.0009211322758346796,0.22700798511505127,-4.953605821356177e-05,-0.008524283766746521
REAL_041_0591_(9),REAL,original,0.5602306127548218,1,1,0,0.0,0.00031937757739797235,0.20151399075984955,0.0,0.0
REAL_041_0591_(9),REAL,A_blur,0.5648376941680908,1,1,0,0.0008591196383349597,0.0002938935358542949,0.2007317990064621,2.548404154367745e-05,0.0007821917533874512
REAL_041_0591_(9),REAL,A_blur_freq,0.5617753267288208,1,1,0,0.0027050143107771873,0.00021946581546217203,0.20065626502037048,9.991176193580031e-05,0.0008577257394790649
REAL_041_0591_(9),REAL,B_noise,0.559477686882019,1,1,0,0.006607435178011656,0.00041348161175847054,0.20171134173870087,-9.410403436049819e-05,-0.00019735097885131836
REAL_041_0591_(9),REAL,B_noise_brightness,0.5470892786979675,1,1,0,0.016606668010354042,0.00040833899402059615,0.2096826136112213,-8.89614166226238e-05,-0.008168622851371765
REAL_042_0490_(9),REAL,original,0.33209171891212463,0,0,0,0.0,0.0005779006751254201,0.2760266065597534,0.0,0.0
REAL_042_0490_(9),REAL,A_blur,0.3413340151309967,0,0,0,0.001867595943622291,0.0005301868659444153,0.27471286058425903,4.771380918100476e-05,0.0013137459754943848
REAL_042_0490_(9),REAL,A_blur_freq,0.3452962636947632,0,0,0,0.0036088135093450546,0.00044287231867201626,0.2746601700782776,0.00013502835645340383,0.00136643648147583
REAL_042_0490_(9),REAL,B_noise,0.3240092992782593,0,0,0,0.00647467328235507,0.0006248386343941092,0.2760428488254547,-4.6937959268689156e-05,-1.6242265701293945e-05
REAL_042_0490_(9),REAL,B_noise_brightness,0.33047720789909363,0,0,0,0.01949167437851429,0.000630941882263869,0.2868441343307495,-5.3041207138448954e-05,-0.010817527770996094
REAL_043_0155_(5),REAL,original,0.44256356358528137,0,0,0,0.0,0.00019883773347828537,0.11945999413728714,0.0,0.0
REAL_043_0155_(5),REAL,A_blur,0.41971224546432495,0,0,0,0.0005157271516509354,0.00017819654021877795,0.1186971664428711,2.0641193259507418e-05,0.0007628276944160461
REAL_043_0155_(5),REAL,A_blur_freq,0.4152367413043976,0,0,0,0.0024650224950164557,0.00012628451804630458,0.11862144619226456,7.255321543198079e-05,0.000838547945022583
REAL_043_0155_(5),REAL,B_noise,0.47589921951293945,0,0,0,0.006481056567281485,0.0002552428632043302,0.11988909542560577,-5.6405129726044834e-05,-0.00042910128831863403
REAL_043_0155_(5),REAL,B_noise_brightness,0.400446355342865,0,0,0,0.01912275142967701,0.00027673799195326865,0.12440748512744904,-7.790025847498327e-05,-0.004947490990161896
REAL_044_0572_(9),REAL,original,0.6253678798675537,1,1,0,0.0,0.0010147489374503493,0.1819169968366623,0.0,0.0
REAL_044_0572_(9),REAL,A_blur,0.6312455534934998,1,1,0,0.0018101511523127556,0.000913952651899308,0.1800767481327057,0.00010079628555104136,0.001840248703956604
REAL_044_0572_(9),REAL,A_blur_freq,0.6317614912986755,1,1,0,0.003497753292322159,0.0007841137703508139,0.17999772727489471,0.00023063516709953547,0.0019192695617675781
REAL_044_0572_(9),REAL,B_noise,0.6061451435089111,1,1,0,0.006489992141723633,0.0010977325728163123,0.1821114867925644,-8.298363536596298e-05,-0.0001944899559020996
REAL_044_0572_(9),REAL,B_noise_brightness,0.6419972777366638,1,1,0,0.01610753685235977,0.0011126213939860463,0.18914169073104858,-9.787245653569698e-05,-0.0072246938943862915
REAL_045_0046_(7),REAL,original,0.4714815020561218,0,0,0,0.0,0.0013576147612184286,0.21323730051517487,0.0,0.0
REAL_045_0046_(7),REAL,A_blur,0.43758782744407654,0,0,0,0.0034415849950164557,0.0010608219308778644,0.2102920114994049,0.00029679283034056425,0.0029452890157699585
REAL_045_0046_(7),REAL,A_blur_freq,0.4420337378978729,0,0,0,0.005090889986604452,0.000931937713176012,0.21015211939811707,0.00042567704804241657,0.0030851811170578003
REAL_045_0046_(7),REAL,B_noise,0.4557942748069763,0,0,0,0.006505310535430908,0.0014322457136586308,0.21337531507015228,-7.463095244020224e-05,-0.000138014554977417
REAL_045_0046_(7),REAL,B_noise_brightness,0.48094138503074646,0,0,0,0.0169577207416296,0.0014087323797866702,0.22160455584526062,-5.1117618568241596e-05,-0.008367255330085754
REAL_046_0798_(5),REAL,original,0.4308954179286957,0,0,0,0.0,0.002166206017136574,0.22868292033672333,0.0,0.0
REAL_046_0798_(5),REAL,A_blur,0.40804725885391235,0,0,0,0.002057802164927125,0.002038264414295554,0.22693465650081635,0.00012794160284101963,0.0017482638359069824
REAL_046_0798_(5),REAL,A_blur_freq,0.4076049029827118,0,0,0,0.00375434011220932,0.0017255159327760339,0.2268490344285965,0.0004406900843605399,0.001833885908126831
REAL_046_0798_(5),REAL,B_noise,0.4165502190589905,0,0,0,0.0067248777486383915,0.0023149156477302313,0.22865554690361023,-0.0001487096305936575,2.7373433113098145e-05
REAL_046_0798_(5),REAL,B_noise_brightness,0.42900240421295166,0,0,0,0.011660028249025345,0.002413135953247547,0.23775991797447205,-0.00024692993611097336,-0.009076997637748718
REAL_047_0677_(3),REAL,original,0.5847674608230591,1,1,0,0.0,0.00020570420019794255,0.16984547674655914,0.0,0.0
REAL_047_0677_(3),REAL,A_blur,0.5798842310905457,1,1,0,0.00018765318964142352,0.00019675811927299947,0.1696765273809433,8.94608092494309e-06,0.00016894936561584473
REAL_047_0677_(3),REAL,A_blur_freq,0.5787524580955505,1,1,0,0.002124182879924774,0.0001316585548920557,0.1696101576089859,7.404564530588686e-05,0.0002353191375732422
REAL_047_0677_(3),REAL,B_noise,0.5805861949920654,1,1,0,0.0065104165114462376,0.00028942638891749084,0.17001491785049438,-8.372218871954829e-05,-0.0001694411039352417
REAL_047_0677_(3),REAL,B_noise_brightness,0.5927189588546753,1,1,0,0.016533903777599335,0.00027654937002807856,0.17698918282985687,-7.0845169830136e-05,-0.0071437060832977295
